Date;Vinnitska;Volynska;Dnipropetrovska;Donetska;Zhytomyska;Zakarpatska;Zaporizhska;Ivano-Frankivska;Kyivska;Kirovogradska;Luganska;Lvivska;Mykolayivska;Kyiv;Odesska;Poltavska;Rivnenska;Sumska;Ternopilska;Kharkivska;Khersonska;Khmenlnytska;Cherkasska;Chernivetska;Chernihivska;Ukraine
01.01.20;0;0;0;0;0;0;0;0;0;0;0;0;0;0;0;0;0;0;0;0;0;0;0;0;0;0
02.01.20;0;0;0;0;0;0;0;0;0;0;0;0;0;0;0;0;0;0;0;0;0;0;0;0;0;0
03.01.20;0;0;0;0;0;0;0;0;0;0;0;0;0;0;0;0;0;0;0;0;0;0;0;0;0;0
04.01.20;0;0;0;0;0;0;0;0;0;0;0;0;0;0;0;0;0;0;0;0;0;0;0;0;0;0
05.01.20;0;0;0;0;0;0;0;0;0;0;0;0;0;0;0;0;0;0;0;0;0;0;0;0;0;0
06.01.20;0;0;0;0;0;0;0;0;0;0;0;0;0;0;0;0;0;0;0;0;0;0;0;0;0;0
07.01.20;0;0;0;0;0;0;0;0;0;0;0;0;0;0;0;0;0;0;0;0;0;0;0;0;0;0
08.01.20;0;0;0;0;0;0;0;0;0;0;0;0;0;0;0;0;0;0;0;0;0;0;0;0;0;0
09.01.20;0;0;0;0;0;0;0;0;0;0;0;0;0;0;0;0;0;0;0;0;0;0;0;0;0;0
10.01.20;0;0;0;0;0;0;0;0;0;0;0;0;0;0;0;0;0;0;0;0;0;0;0;0;0;0
11.01.20;0;0;0;0;0;0;0;0;0;0;0;0;0;0;0;0;0;0;0;0;0;0;0;0;0;0
12.01.20;0;0;0;0;0;0;0;0;0;0;0;0;0;0;0;0;0;0;0;0;0;0;0;0;0;0
13.01.20;0;0;0;0;0;0;0;0;0;0;0;0;0;0;0;0;0;0;0;0;0;0;0;0;0;0
14.01.20;0;0;0;0;0;0;0;0;0;0;0;0;0;0;0;0;0;0;0;0;0;0;0;0;0;0
15.01.20;0;0;0;0;0;0;0;0;0;0;0;0;0;0;0;0;0;0;0;0;0;0;0;0;0;0
16.01.20;0;0;0;0;0;0;0;0;0;0;0;0;0;0;0;0;0;0;0;0;0;0;0;0;0;0
17.01.20;0;0;0;0;0;0;0;0;0;0;0;0;0;0;0;0;0;0;0;0;0;0;0;0;0;0
18.01.20;0;0;0;0;0;0;0;0;0;0;0;0;0;0;0;0;0;0;0;0;0;0;0;0;0;0
19.01.20;0;0;0;0;0;0;0;0;0;0;0;0;0;0;0;0;0;0;0;0;0;0;0;0;0;0
20.01.20;0;0;0;0;0;0;0;0;0;0;0;0;0;0;0;0;0;0;0;0;0;0;0;0;0;0
21.01.20;0;0;0;0;0;0;0;0;0;0;0;0;0;0;0;0;0;0;0;0;0;0;0;0;0;0
22.01.20;0;0;0;0;0;0;0;0;0;0;0;0;0;0;0;0;0;0;0;0;0;0;0;0;0;0
23.01.20;0;0;0;0;0;0;0;0;0;0;0;0;0;0;0;0;0;0;0;0;0;0;0;0;0;0
24.01.20;0;0;0;0;0;0;0;0;0;0;0;0;0;0;0;0;0;0;0;0;0;0;0;0;0;0
25.01.20;0;0;0;0;0;0;0;0;0;0;0;0;0;0;0;0;0;0;0;0;0;0;0;0;0;0
26.01.20;0;0;0;0;0;0;0;0;0;0;0;0;0;0;0;0;0;0;0;0;0;0;0;0;0;0
27.01.20;0;0;0;0;0;0;0;0;0;0;0;0;0;0;0;0;0;0;0;0;0;0;0;0;0;0
28.01.20;0;0;0;0;0;0;0;0;0;0;0;0;0;0;0;0;0;0;0;0;0;0;0;0;0;0
29.01.20;0;0;0;0;0;0;0;0;0;0;0;0;0;0;0;0;0;0;0;0;0;0;0;0;0;0
30.01.20;0;0;0;0;0;0;0;0;0;0;0;0;0;0;0;0;0;0;0;0;0;0;0;0;0;0
31.01.20;0;0;0;0;0;0;0;0;0;0;0;0;0;0;0;0;0;0;0;0;0;0;0;0;0;0
01.02.20;0;0;0;0;0;0;0;0;0;0;0;0;0;0;0;0;0;0;0;0;0;0;0;0;0;0
02.02.20;0;0;0;0;0;0;0;0;0;0;0;0;0;0;0;0;0;0;0;0;0;0;0;0;0;0
03.02.20;0;0;0;0;0;0;0;0;0;0;0;0;0;0;0;0;0;0;0;0;0;0;0;0;0;0
04.02.20;0;0;0;0;0;0;0;0;0;0;0;0;0;0;0;0;0;0;0;0;0;0;0;0;0;0
05.02.20;0;0;0;0;0;0;0;0;0;0;0;0;0;0;0;0;0;0;0;0;0;0;0;0;0;0
06.02.20;0;0;0;0;0;0;0;0;0;0;0;0;0;0;0;0;0;0;0;0;0;0;0;0;0;0
07.02.20;0;0;0;0;0;0;0;0;0;0;0;0;0;0;0;0;0;0;0;0;0;0;0;0;0;0
08.02.20;0;0;0;0;0;0;0;0;0;0;0;0;0;0;0;0;0;0;0;0;0;0;0;0;0;0
09.02.20;0;0;0;0;0;0;0;0;0;0;0;0;0;0;0;0;0;0;0;0;0;0;0;0;0;0
10.02.20;0;0;0;0;0;0;0;0;0;0;0;0;0;0;0;0;0;0;0;0;0;0;0;0;0;0
11.02.20;0;0;0;0;0;0;0;0;0;0;0;0;0;0;0;0;0;0;0;0;0;0;0;0;0;0
12.02.20;0;0;0;0;0;0;0;0;0;0;0;0;0;0;0;0;0;0;0;0;0;0;0;0;0;0
13.02.20;0;0;0;0;0;0;0;0;0;0;0;0;0;0;0;0;0;0;0;0;0;0;0;0;0;0
14.02.20;0;0;0;0;0;0;0;0;0;0;0;0;0;0;0;0;0;0;0;0;0;0;0;0;0;0
15.02.20;0;0;0;0;0;0;0;0;0;0;0;0;0;0;0;0;0;0;0;0;0;0;0;0;0;0
16.02.20;0;0;0;0;0;0;0;0;0;0;0;0;0;0;0;0;0;0;0;0;0;0;0;0;0;0
17.02.20;0;0;0;0;0;0;0;0;0;0;0;0;0;0;0;0;0;0;0;0;0;0;0;0;0;0
18.02.20;0;0;0;0;0;0;0;0;0;0;0;0;0;0;0;0;0;0;0;0;0;0;0;0;0;0
19.02.20;0;0;0;0;0;0;0;0;0;0;0;0;0;0;0;0;0;0;0;0;0;0;0;0;0;0
20.02.20;0;0;0;0;0;0;0;0;0;0;0;0;0;0;0;0;0;0;0;0;0;0;0;0;0;0
21.02.20;0;0;0;0;0;0;0;0;0;0;0;0;0;0;0;0;0;0;0;0;0;0;0;0;0;0
22.02.20;0;0;0;0;0;0;0;0;0;0;0;0;0;1;0;0;0;0;0;0;0;0;0;0;0;1
23.02.20;0;0;1;0;0;0;0;0;0;0;0;0;0;0;0;0;0;0;0;0;0;0;0;0;0;1
24.02.20;0;0;0;0;0;0;0;0;0;0;0;0;0;0;0;0;0;0;0;0;0;0;0;0;0;0
25.02.20;0;0;0;0;0;0;0;0;0;0;0;0;0;0;1;0;0;0;0;0;0;0;0;0;0;1
26.02.20;0;0;0;0;1;0;0;0;0;0;0;0;0;0;0;0;0;0;0;0;0;0;0;0;0;1
27.02.20;0;0;0;0;0;0;0;0;0;0;0;0;0;0;0;0;0;0;0;0;0;0;0;0;0;0
28.02.20;0;0;0;0;0;0;0;0;0;0;0;0;0;0;0;0;0;0;0;1;0;0;0;0;0;1
29.02.20;0;0;0;0;0;0;0;0;0;0;0;0;0;0;0;0;0;0;0;0;0;0;0;0;0;0
01.03.20;0;0;0;0;0;0;0;0;0;0;0;0;0;0;0;0;0;0;0;0;0;0;0;0;0;0
02.03.20;0;0;0;0;0;0;0;0;0;0;0;0;0;0;0;0;0;0;0;0;0;0;0;0;0;0
03.03.20;0;0;0;0;0;0;0;0;1;0;0;0;0;0;0;0;0;0;0;0;0;0;0;0;0;1
04.03.20;0;0;0;0;0;0;0;0;0;0;0;0;0;0;0;0;0;0;0;0;0;0;0;0;0;0
05.03.20;0;0;0;0;0;0;0;0;0;0;0;0;0;1;0;0;0;0;0;0;0;0;0;0;0;1
06.03.20;0;0;0;0;0;0;0;0;0;0;0;0;0;0;0;0;0;0;0;0;0;0;0;0;0;0
07.03.20;0;0;0;0;0;0;0;0;0;0;0;0;0;0;0;0;0;0;0;0;0;0;0;0;0;0
08.03.20;0;0;0;0;0;0;0;0;0;0;0;0;0;0;0;0;0;0;0;0;0;0;2;0;0;2
09.03.20;0;0;0;0;0;0;0;0;0;0;0;0;0;0;0;0;0;0;0;0;0;0;0;0;0;0
10.03.20;0;0;0;0;0;0;0;0;0;0;0;0;0;0;0;0;0;0;0;0;0;0;0;0;0;0
11.03.20;0;0;0;0;1;0;0;0;0;0;0;0;0;0;0;0;0;0;0;0;0;0;0;0;0;1
12.03.20;0;0;0;0;0;0;0;0;0;0;0;0;0;0;0;0;0;0;0;0;0;0;0;0;0;0
13.03.20;0;0;0;0;0;0;0;0;0;0;0;0;0;0;0;0;0;0;0;0;0;0;0;0;0;0
14.03.20;0;0;0;0;0;0;0;0;0;0;0;0;0;0;0;0;0;0;0;0;0;0;0;0;0;0
15.03.20;0;0;0;0;0;0;0;0;0;0;0;0;0;0;0;0;0;0;0;0;0;0;0;0;0;0
16.03.20;0;0;0;0;0;0;0;0;0;0;0;0;0;0;0;0;0;0;0;0;0;0;0;0;0;0
17.03.20;0;0;0;0;0;0;0;0;0;0;0;0;0;0;0;0;0;0;0;0;0;0;0;0;0;0
18.03.20;0;0;0;0;0;0;0;0;0;0;0;0;0;0;0;0;0;0;0;0;0;0;0;0;0;0
19.03.20;0;0;0;0;0;0;0;0;0;0;0;0;0;0;0;0;0;0;0;0;0;0;0;0;0;0
20.03.20;0;0;0;0;0;0;0;0;0;0;0;0;0;0;0;0;0;0;0;0;0;0;0;0;0;0
21.03.20;0;0;0;0;0;0;0;0;0;0;0;0;0;0;0;0;0;0;0;0;0;0;0;1;1;2
22.03.20;0;0;0;0;0;0;0;0;0;0;0;0;0;0;0;0;0;0;0;0;0;0;0;0;0;0
23.03.20;0;0;0;0;0;0;0;0;0;0;0;0;0;0;0;0;0;0;0;0;0;0;0;0;0;0
24.03.20;0;0;0;0;0;0;0;0;0;0;0;0;0;0;0;0;0;0;0;0;0;0;0;0;0;0
25.03.20;0;0;0;0;0;0;0;0;0;0;0;0;0;0;0;0;0;0;0;0;0;1;0;0;0;1
26.03.20;0;0;0;0;0;0;0;1;0;0;0;0;0;0;0;0;0;0;0;0;0;0;0;2;0;3
27.03.20;0;0;0;0;0;0;0;0;0;0;0;0;0;1;0;0;0;0;0;0;0;0;0;3;0;4
28.03.20;0;0;0;0;0;0;1;0;0;0;0;0;0;0;0;0;0;0;0;1;0;0;0;0;0;2
29.03.20;0;0;0;0;0;0;0;0;1;0;0;0;0;0;0;0;0;0;0;0;0;0;0;0;0;1
30.03.20;0;0;1;0;0;0;0;0;1;0;0;1;0;1;0;0;0;0;0;0;0;0;1;2;0;7
31.03.20;0;0;0;0;1;0;2;1;0;0;0;1;0;0;0;0;0;0;0;0;0;0;0;0;0;5
01.04.20;1;0;0;0;0;0;1;0;0;0;0;1;0;1;0;0;0;0;0;0;0;1;0;0;0;5
02.04.20;0;0;0;0;0;0;2;0;4;0;0;0;0;1;1;0;0;0;0;0;0;0;0;5;0;13
03.04.20;0;0;2;0;0;0;0;3;0;0;0;1;0;2;0;0;0;0;0;0;0;0;0;0;0;8
04.04.20;0;0;1;0;0;0;0;1;0;0;0;1;0;1;0;0;2;0;0;0;0;0;1;4;0;11
05.04.20;0;0;0;0;0;0;0;0;0;0;0;1;0;0;0;0;0;0;0;0;0;0;0;0;0;1
06.04.20;1;1;0;0;0;1;0;1;0;0;0;0;0;2;0;0;1;0;0;0;1;0;0;2;0;10
07.04.20;1;0;0;0;1;0;0;0;1;0;0;0;0;1;0;0;0;1;0;0;0;0;1;2;0;8
08.04.20;1;0;0;1;0;1;1;1;3;0;0;1;0;3;0;0;0;0;0;0;1;0;1;0;0;14
09.04.20;3;1;0;0;0;2;1;3;0;0;0;0;0;1;0;0;0;0;0;0;0;0;1;0;0;12
10.04.20;3;1;1;0;0;2;1;6;8;0;0;3;0;0;0;0;2;0;1;0;0;0;3;2;0;33
11.04.20;4;1;3;1;1;1;2;0;1;0;0;1;0;0;0;2;2;1;2;0;0;1;3;0;0;26
12.04.20;0;0;0;0;0;0;0;0;0;0;0;0;0;2;0;0;1;0;4;0;0;0;1;0;0;8
13.04.20;1;1;0;3;0;9;1;1;4;0;0;0;0;2;0;0;2;0;1;0;0;0;1;4;3;33
14.04.20;1;0;0;0;0;0;0;5;3;0;0;0;0;1;0;1;0;0;7;1;0;0;0;2;0;21
15.04.20;0;0;0;0;0;0;0;5;0;1;0;3;0;25;3;1;3;0;3;1;3;0;19;3;0;70
16.04.20;13;8;3;1;1;0;1;1;4;4;0;4;0;6;1;2;0;6;7;0;1;0;8;4;1;76
17.04.20;1;1;0;1;0;3;5;14;7;0;3;4;0;5;0;4;5;2;6;2;2;0;7;13;1;86
18.04.20;2;1;0;0;1;0;3;4;1;12;0;6;0;5;1;0;7;0;3;0;0;1;5;1;0;53
19.04.20;0;0;0;0;1;0;0;4;5;0;0;3;0;8;2;0;0;0;0;0;0;0;1;0;0;24
20.04.20;3;1;0;2;0;0;0;15;3;0;0;4;0;1;1;2;0;1;1;2;0;0;5;10;0;51
21.04.20;3;4;0;2;3;0;4;10;5;8;0;6;0;8;0;0;2;13;0;2;3;0;0;5;2;80
22.04.20;7;8;3;0;1;4;4;6;1;7;0;8;0;9;2;0;12;5;6;0;0;0;6;6;0;95
23.04.20;6;7;0;1;5;11;9;2;13;5;0;9;0;9;7;3;8;12;7;5;1;0;2;7;1;130
24.04.20;5;19;6;0;4;5;18;55;1;17;0;13;2;8;2;0;5;8;9;4;4;0;3;27;2;217
25.04.20;9;0;0;0;0;0;1;0;8;2;0;9;0;1;6;4;4;1;3;0;0;0;1;2;0;51
26.04.20;0;1;1;1;0;4;0;0;12;0;0;2;0;0;4;0;0;0;12;0;0;0;1;0;0;38
27.04.20;28;3;2;2;4;12;8;16;16;7;0;7;3;6;5;1;8;5;2;5;10;0;4;59;0;213
28.04.20;9;7;5;0;6;3;12;2;2;21;0;9;1;5;7;0;10;3;2;2;4;0;3;37;1;151
29.04.20;26;6;8;0;3;8;13;4;9;18;1;14;0;8;9;1;5;0;2;4;5;0;5;21;2;172
30.04.20;17;1;52;2;4;13;7;104;4;14;1;14;5;6;13;3;23;6;15;17;9;9;9;38;2;388
01.05.20;0;4;1;0;1;8;4;1;2;2;2;8;0;0;1;3;4;0;24;1;2;0;12;46;0;126
02.05.20;1;5;1;0;7;4;0;0;3;5;0;1;0;1;6;1;12;0;10;1;6;0;5;36;0;105
03.05.20;0;0;1;0;0;7;0;0;4;0;0;6;0;1;1;10;10;0;32;0;0;0;2;2;0;76
04.05.20;70;22;18;0;2;5;11;64;4;33;1;4;10;12;15;13;9;1;13;16;5;0;14;81;3;426
05.05.20;3;21;7;1;4;9;2;43;5;28;0;13;10;16;4;11;21;0;16;18;0;0;22;65;0;319
06.05.20;32;6;4;5;4;14;21;6;21;8;3;17;5;12;6;28;11;0;23;5;5;0;19;83;0;338
07.05.20;27;2;7;3;4;8;14;65;16;33;1;18;16;18;2;5;5;3;41;11;5;0;24;56;3;387
08.05.20;0;2;10;0;5;10;17;42;16;16;2;10;1;9;14;16;28;6;28;22;2;1;24;90;0;371
09.05.20;13;0;0;0;4;3;7;8;50;1;0;4;0;5;4;3;3;2;27;10;11;1;5;102;4;267
10.05.20;18;1;0;0;5;6;0;1;7;3;0;11;0;9;15;13;12;0;27;6;0;1;1;10;0;146
11.05.20;0;9;3;0;9;2;3;6;10;1;0;4;0;3;10;22;5;0;25;19;0;0;3;49;4;187
12.05.20;1;5;20;8;16;25;18;33;23;31;1;17;13;34;12;27;48;7;2;14;16;2;15;120;1;509
13.05.20;46;12;17;11;16;15;7;23;10;14;0;9;4;23;13;7;31;2;68;21;0;2;11;67;1;430
14.05.20;9;2;20;6;29;16;18;0;16;12;2;15;10;16;17;8;42;2;50;19;5;1;7;45;4;371
15.05.20;21;11;26;7;17;46;24;31;20;9;1;22;4;25;19;18;28;4;65;45;3;10;14;136;7;613
16.05.20;0;1;4;2;10;22;6;7;12;9;4;11;1;8;14;12;7;0;31;23;13;0;5;12;1;215
17.05.20;1;3;12;0;26;22;1;2;9;0;0;8;0;2;21;0;6;1;21;3;10;0;2;6;0;156
18.05.20;19;13;41;6;36;21;10;8;13;9;1;15;18;62;39;5;45;8;20;42;5;1;12;72;9;530
19.05.20;20;12;69;1;35;30;7;25;46;5;0;24;1;26;16;1;39;2;28;31;0;3;6;76;5;508
20.05.20;0;7;37;4;33;32;8;29;16;4;10;31;2;17;18;11;22;2;31;48;0;8;7;67;0;444
21.05.20;16;9;45;6;27;31;14;27;34;8;0;18;8;24;11;2;18;9;43;34;1;8;0;87;0;480
22.05.20;24;8;44;1;6;51;5;24;36;10;0;14;12;16;11;2;126;11;37;40;6;20;5;99;0;608
23.05.20;8;0;11;4;10;22;2;25;20;2;1;22;2;13;15;0;7;2;20;22;0;21;4;20;2;255
24.05.20;0;2;2;2;36;5;1;3;11;0;0;11;0;7;6;0;14;0;13;1;7;8;0;1;0;130
25.05.20;10;22;69;5;47;29;1;34;12;8;0;42;15;34;20;0;50;4;8;59;3;17;11;91;6;597
26.05.20;19;18;89;4;36;26;6;38;3;15;2;48;6;49;8;1;65;5;17;42;0;13;4;97;1;612
27.05.20;34;25;49;3;23;26;7;42;4;2;0;38;9;112;48;2;68;7;8;22;6;29;1;121;1;687
28.05.20;21;6;33;2;21;47;15;34;9;10;3;38;25;55;54;2;73;4;60;16;0;14;3;91;9;645
29.05.20;0;37;23;6;8;57;11;19;12;4;0;47;8;48;25;4;45;1;21;40;6;28;6;138;0;594
30.05.20;0;13;14;4;10;15;8;43;14;2;1;53;1;30;36;0;19;0;3;15;0;1;2;27;4;315
31.05.20;32;7;0;0;4;0;1;3;28;0;0;28;0;14;50;0;40;0;4;0;0;1;0;14;1;227
01.06.20;32;32;20;4;0;26;8;10;16;3;0;42;7;45;52;2;24;6;9;24;0;6;8;92;7;475
02.06.20;38;26;11;6;3;39;1;33;2;1;0;47;8;47;43;0;40;0;27;12;0;10;3;50;5;452
03.06.20;19;22;11;8;13;24;9;12;5;5;1;52;3;96;36;2;34;0;10;12;0;41;6;63;0;484
04.06.20;20;14;10;1;9;19;7;9;16;4;2;33;9;39;25;0;42;5;6;14;4;2;1;80;1;372
05.06.20;24;21;21;1;3;26;7;38;5;3;0;37;10;18;15;0;22;3;13;39;0;15;9;93;5;428
06.06.20;0;14;3;3;2;28;2;49;4;0;0;59;1;8;37;0;25;0;7;33;7;15;8;21;1;327
07.06.20;7;8;0;5;3;2;0;1;1;6;0;22;0;5;4;0;2;0;3;2;0;0;0;0;1;72
08.06.20;0;27;2;0;2;4;3;11;2;0;0;40;0;44;7;1;10;0;0;5;0;0;1;47;0;206
09.06.20;39;60;8;1;18;17;10;2;2;1;0;54;7;66;7;0;49;0;0;21;0;11;2;74;2;451
10.06.20;41;57;18;0;19;21;3;4;1;24;1;78;7;82;5;1;57;0;8;30;1;6;1;58;2;525
11.06.20;24;71;9;7;24;17;14;13;0;7;1;47;3;85;5;1;43;2;13;18;1;33;2;52;3;495
12.06.20;18;89;17;2;24;29;14;8;2;17;1;49;10;45;13;0;59;2;4;45;0;20;2;85;8;563
13.06.20;0;27;2;1;15;37;1;17;1;5;1;54;1;15;6;0;20;0;8;11;0;9;2;40;17;290
14.06.20;11;7;2;0;10;3;0;18;0;0;0;69;1;5;39;0;23;0;2;2;0;0;0;5;5;202
15.06.20;28;66;12;11;34;17;10;24;0;11;0;49;4;8;12;2;57;5;2;10;0;6;7;67;7;449
16.06.20;25;45;8;34;15;16;4;15;0;6;2;83;3;70;15;1;34;1;9;17;0;13;5;47;10;478
17.06.20;39;33;7;5;17;14;5;25;3;4;0;128;3;63;11;1;33;0;3;40;0;24;15;76;5;554
18.06.20;36;32;6;7;17;21;7;14;2;5;3;57;7;50;20;1;76;9;14;20;0;14;5;43;1;467
19.06.20;1;52;0;5;25;36;14;16;1;6;1;111;1;66;6;1;37;1;4;39;0;4;8;85;3;523
20.06.20;10;53;4;6;21;30;2;2;2;0;0;49;1;3;10;0;32;4;9;23;1;15;7;32;0;316
21.06.20;13;31;0;1;9;11;0;1;3;0;0;111;0;2;7;0;9;0;10;0;0;0;0;4;22;234
22.06.20;23;81;1;3;19;30;5;8;1;13;0;100;7;32;3;2;49;3;6;41;0;1;29;47;10;514
23.06.20;20;51;12;17;15;35;4;22;7;2;1;92;2;32;8;2;53;5;15;30;0;10;6;59;1;501
24.06.20;34;49;4;6;42;40;4;2;1;1;0;84;5;38;8;1;48;7;8;35;0;12;18;70;78;595
25.06.20;20;40;4;3;26;49;11;14;2;1;1;102;2;21;7;1;96;8;7;37;0;11;11;61;0;535
26.06.20;47;82;10;12;25;35;9;7;4;5;3;164;2;3;10;0;58;15;15;52;1;10;25;96;1;691
27.06.20;21;65;2;2;15;18;1;4;4;1;0;52;0;58;6;0;45;4;7;30;0;5;2;45;0;387
28.06.20;0;26;0;2;6;7;0;0;1;4;0;30;1;8;19;1;20;0;8;0;0;2;2;8;0;145
29.06.20;0;64;0;2;27;21;1;57;4;1;0;131;0;19;2;0;72;4;1;23;0;2;2;29;0;462
30.06.20;41;93;9;7;21;98;10;83;3;5;1;217;2;40;11;2;71;7;20;87;0;4;19;47;39;937
01.07.20;31;52;8;7;20;50;8;30;6;10;0;129;2;57;25;1;100;1;17;26;3;10;8;76;0;677
02.07.20;16;86;9;25;34;40;0;17;7;2;1;138;22;95;7;1;102;8;38;46;0;13;11;69;0;787
03.07.20;30;89;10;12;17;69;3;103;12;6;1;186;8;38;28;3;105;3;16;51;2;18;5;105;12;932
04.07.20;18;49;1;16;4;27;0;121;1;1;3;52;1;35;21;0;57;2;22;24;1;4;6;51;7;524
05.07.20;19;27;0;1;6;20;0;48;0;1;0;61;0;11;8;0;60;0;23;0;0;0;0;5;2;292
06.07.20;31;50;15;3;44;51;5;66;7;5;0;131;5;44;24;2;110;10;26;34;2;9;6;124;5;809
07.07.20;45;41;1;6;52;51;3;74;5;4;5;163;10;55;35;2;121;4;25;32;0;1;10;56;54;855
08.07.20;30;71;10;10;27;62;4;36;4;4;1;218;20;71;30;5;102;8;17;67;0;13;7;81;16;914
09.07.20;40;108;17;11;26;50;7;43;4;8;3;245;0;72;67;7;59;7;10;42;0;23;3;43;0;895
10.07.20;39;72;14;14;26;62;3;80;15;3;0;200;29;27;25;4;133;13;15;88;2;7;5;69;3;948
11.07.20;17;20;1;15;17;46;0;17;6;0;0;67;0;2;41;0;70;4;23;30;0;81;2;25;10;494
12.07.20;13;5;0;5;4;28;0;1;0;0;0;111;0;50;27;0;10;0;22;0;0;30;2;2;1;311
13.07.20;9;51;3;4;20;88;1;92;13;2;0;162;9;24;24;7;117;2;16;43;0;14;3;50;2;756
14.07.20;61;61;9;23;20;85;6;79;9;6;1;132;7;40;31;2;107;3;15;57;0;10;3;52;25;844
15.07.20;50;52;1;41;20;46;4;18;7;2;0;166;4;10;35;2;130;6;24;48;3;11;8;30;41;759
16.07.20;36;93;5;89;13;56;0;62;5;6;2;157;5;164;90;1;94;3;25;47;1;15;4;45;18;1036
17.07.20;25;64;3;46;30;92;9;123;7;10;3;202;2;47;37;3;107;0;25;58;2;14;12;39;0;960
18.07.20;0;56;1;1;8;49;4;15;3;0;2;74;1;10;18;0;35;0;19;21;1;7;0;7;0;332
19.07.20;0;4;4;0;4;37;0;12;0;0;0;65;0;21;2;0;21;0;10;5;0;0;0;0;0;185
20.07.20;37;50;3;2;21;54;6;82;3;1;2;146;6;71;34;5;121;13;35;81;0;1;12;57;2;845
21.07.20;36;66;5;71;2;57;1;44;8;6;0;77;0;72;30;0;87;0;15;50;0;8;9;29;15;688
22.07.20;62;57;3;9;11;63;6;70;5;1;1;129;7;32;28;2;60;2;12;75;1;25;12;32;10;715
23.07.20;29;70;11;10;4;89;6;64;2;5;0;146;3;129;22;0;88;3;61;42;4;14;9;29;9;849
24.07.20;26;41;9;9;8;75;4;150;9;2;3;161;4;90;37;4;107;2;16;53;3;5;10;29;2;859
25.07.20;20;37;8;4;13;32;4;33;2;0;1;68;0;14;22;0;27;1;9;32;0;11;2;7;0;347
26.07.20;0;1;2;0;6;23;0;7;0;0;0;50;0;5;80;0;40;0;6;0;0;0;0;1;0;221
27.07.20;23;59;11;13;16;57;8;130;9;3;1;88;9;94;27;2;76;3;11;74;0;8;15;45;0;782
28.07.20;25;44;6;5;9;137;1;74;9;1;0;131;2;53;22;2;38;2;16;53;0;8;17;28;23;706
29.07.20;21;65;3;1;5;107;2;58;6;0;5;87;2;10;16;4;109;3;14;40;1;11;16;20;0;606
30.07.20;31;50;25;27;20;124;10;51;6;3;1;130;6;80;31;0;36;2;21;33;1;11;15;15;0;729
31.07.20;28;34;32;25;16;111;19;68;18;3;6;132;8;57;21;3;74;16;22;66;3;14;11;45;2;834
01.08.20;0;35;1;8;12;48;0;9;7;4;2;122;1;18;24;1;55;1;13;39;2;3;1;13;2;421
02.08.20;11;21;0;0;9;18;0;0;5;0;0;49;0;1;14;0;28;0;17;2;0;0;0;3;0;178
03.08.20;36;36;10;7;5;71;11;76;7;4;2;186;8;62;25;5;74;22;14;67;2;8;18;61;1;818
04.08.20;16;45;10;12;12;31;6;92;6;0;2;142;4;54;38;0;141;2;29;61;2;22;2;32;36;797
05.08.20;31;25;14;12;17;63;12;70;3;4;8;190;1;58;42;6;48;6;72;69;0;21;14;60;5;851
06.08.20;21;54;13;13;23;76;10;91;7;1;2;225;10;36;41;2;54;11;52;78;2;11;5;51;1;890
07.08.20;26;30;35;6;14;48;15;129;17;1;0;161;5;62;45;6;83;9;55;119;0;11;7;76;5;965
08.08.20;20;8;14;6;2;37;7;37;6;0;1;115;2;7;60;3;35;1;33;31;0;10;7;10;0;452
09.08.20;0;13;1;0;8;20;1;0;8;0;0;109;0;12;38;0;32;4;14;1;0;17;2;0;1;281
10.08.20;28;55;34;11;25;44;17;122;31;4;0;143;8;48;47;6;72;15;75;39;0;6;19;81;0;930
11.08.20;40;22;13;16;18;42;22;89;20;2;2;139;3;42;47;14;56;9;84;44;0;8;10;55;0;797
12.08.20;44;45;23;16;16;43;18;44;27;3;3;127;5;21;39;8;49;17;22;45;1;1;12;73;2;704
13.08.20;32;32;11;7;18;64;8;133;33;3;0;185;11;53;96;7;60;21;50;32;0;44;2;89;5;996
14.08.20;39;33;11;16;27;67;27;121;43;5;4;239;2;83;64;12;58;14;72;45;4;19;11;119;0;1135
15.08.20;33;36;11;4;14;26;5;44;21;1;0;208;1;12;75;2;50;1;7;45;3;2;7;33;2;643
16.08.20;9;17;23;2;5;5;0;1;10;0;0;100;1;4;49;1;23;3;16;6;0;5;0;0;0;280
17.08.20;18;33;12;15;32;71;20;122;56;2;0;139;8;97;133;10;67;32;88;77;0;41;13;154;1;1241
18.08.20;36;30;14;7;10;30;12;82;51;0;9;107;4;63;85;22;108;6;85;79;0;2;15;65;0;922
19.08.20;30;42;6;15;19;58;21;15;57;1;0;125;5;115;51;13;101;2;77;124;3;21;19;74;0;994
20.08.20;21;35;11;14;29;41;25;158;59;1;7;187;10;80;64;7;92;7;55;150;8;34;11;107;2;1215
21.08.20;39;24;18;19;20;110;20;359;69;3;9;259;12;127;86;16;84;11;97;155;5;18;22;167;1;1750
22.08.20;34;16;19;7;9;11;16;47;19;2;4;119;2;116;46;9;48;4;17;65;2;0;11;23;1;647
23.08.20;0;20;0;0;9;4;6;2;17;0;0;51;3;63;60;1;45;3;4;1;0;3;1;0;3;296
24.08.20;0;27;1;0;7;7;5;204;6;0;0;71;2;45;60;2;19;11;5;103;0;1;1;0;0;577
25.08.20;31;29;64;9;51;110;53;119;68;0;0;174;18;96;99;5;85;40;16;125;7;30;8;338;4;1579
26.08.20;32;20;47;11;19;56;74;6;30;3;14;148;20;107;120;15;103;32;30;181;4;6;15;131;1;1225
27.08.20;28;73;12;4;51;61;27;253;30;9;12;154;15;128;70;8;68;46;54;246;8;31;45;90;1;1524
28.08.20;52;51;32;21;36;108;31;525;62;0;7;217;14;243;105;10;152;70;49;285;6;52;15;148;2;2293
29.08.20;0;76;15;5;13;26;32;10;17;5;1;131;5;107;103;7;45;15;17;42;8;45;9;16;0;750
30.08.20;0;41;8;6;2;11;6;0;4;0;1;86;4;31;21;15;55;7;46;12;0;24;1;0;3;384
31.08.20;65;78;53;18;61;646;61;190;108;4;3;240;75;120;49;24;142;78;40;316;0;13;15;464;33;2896
01.09.20;15;85;16;27;74;72;50;94;73;0;3;155;4;155;104;19;178;42;31;124;6;49;25;86;22;1509
02.09.20;15;46;32;22;60;66;39;5;50;6;9;156;20;130;42;5;81;48;77;85;11;54;18;136;2;1215
03.09.20;58;77;35;19;42;64;14;130;96;5;13;171;11;115;14;6;89;30;82;128;10;42;15;149;2;1417
04.09.20;51;79;11;13;118;167;40;469;78;5;10;191;7;79;163;7;86;31;69;405;4;95;27;431;4;2640
05.09.20;34;22;48;16;32;33;9;5;32;10;1;52;4;56;16;8;45;3;73;67;3;35;22;23;0;649
06.09.20;0;6;8;3;15;15;6;0;25;0;0;62;3;69;282;9;59;1;34;11;0;39;5;1;1;654
07.09.20;44;140;54;38;139;84;28;97;87;5;2;131;11;92;29;12;102;52;68;327;2;62;36;395;5;2042
08.09.20;40;62;43;45;73;92;21;159;94;7;24;155;11;92;48;18;45;40;93;112;5;32;30;156;3;1500
09.09.20;39;118;21;17;64;60;26;6;65;5;14;148;12;113;59;17;72;24;94;146;10;98;35;113;19;1395
10.09.20;25;107;31;41;27;118;40;166;47;9;5;189;14;101;427;9;170;37;109;172;12;62;40;129;31;2118
11.09.20;44;186;51;51;70;131;43;554;145;5;23;196;22;89;74;21;197;31;140;225;16;85;43;267;8;2717
12.09.20;28;64;179;10;34;48;31;1;57;7;3;89;8;60;31;15;78;4;31;87;2;25;22;44;0;958
13.09.20;0;24;39;4;12;25;11;0;65;0;0;64;4;7;139;28;85;3;152;11;0;1;1;1;3;679
14.09.20;32;143;46;35;25;87;79;249;121;6;23;156;46;196;99;41;128;94;125;337;20;96;47;270;8;2509
15.09.20;48;92;55;59;22;108;63;219;119;2;15;211;42;131;405;20;134;71;144;319;7;50;46;170;66;2618
16.09.20;67;33;73;38;27;103;60;19;54;7;10;232;13;115;112;19;176;69;108;194;19;29;64;202;37;1880
17.09.20;30;121;87;16;18;101;60;180;107;3;26;147;26;138;241;23;142;80;142;317;13;150;73;215;7;2463
18.09.20;49;147;69;37;54;112;43;503;119;6;37;245;48;160;182;37;107;79;200;492;26;117;116;295;3;3283
19.09.20;32;34;126;9;36;28;22;5;67;6;4;109;12;49;38;12;24;13;82;179;7;37;23;24;0;978
20.09.20;0;13;51;20;77;28;11;0;86;4;0;127;4;72;86;16;29;3;183;52;0;13;18;3;10;906
21.09.20;70;166;67;45;211;111;88;217;97;13;15;233;45;194;107;63;157;91;258;392;21;134;67;227;51;3140
22.09.20;18;67;47;74;243;78;94;62;81;3;20;166;33;132;92;31;94;102;220;269;18;114;53;114;13;2238
23.09.20;40;63;43;45;53;150;79;4;110;3;9;221;33;190;140;35;160;169;373;371;21;108;87;167;53;2727
24.09.20;44;47;66;33;50;47;84;171;101;18;21;168;62;124;131;60;162;75;385;402;22;70;95;172;10;2620
25.09.20;61;155;54;94;200;83;122;237;162;16;30;343;66;205;258;42;153;81;346;404;36;157;110;223;45;3683
26.09.20;54;40;15;18;22;18;41;3;84;7;36;111;6;66;237;5;119;24;229;162;5;39;44;22;3;1410
27.09.20;21;25;28;5;12;4;20;0;61;1;0;144;17;33;335;13;29;1;75;47;0;4;10;3;10;898
28.09.20;143;198;126;46;51;360;257;446;197;11;22;261;91;318;274;76;160;213;337;556;19;200;119;256;36;4773
29.09.20;52;111;188;59;122;80;90;134;101;11;44;158;36;250;180;53;67;102;385;354;19;145;157;155;105;3158
30.09.20;44;148;66;97;100;115;75;132;221;18;13;387;82;266;446;52;51;83;372;702;21;205;190;224;37;4147
01.10.20;34;82;163;141;176;79;85;170;172;9;21;178;217;157;88;60;100;88;437;231;23;230;76;136;42;3195
02.10.20;46;191;120;124;211;96;84;315;194;7;17;286;40;264;163;25;127;77;369;275;4;216;116;255;5;3627
03.10.20;37;70;64;23;21;20;41;26;81;5;6;103;6;134;35;8;75;13;124;80;18;53;31;40;18;1132
04.10.20;34;17;77;8;161;2;4;3;126;0;1;86;7;198;32;18;32;16;93;4;0;26;20;5;5;975
05.10.20;55;146;301;88;182;93;127;320;236;11;16;176;172;351;142;138;266;130;411;361;16;306;158;228;12;4442
06.10.20;44;77;139;89;115;78;151;107;167;21;59;101;83;209;101;71;219;82;402;361;26;153;103;196;103;3257
07.10.20;77;92;94;96;130;104;109;49;113;8;4;133;46;172;102;85;204;137;378;283;38;223;148;145;54;3024
08.10.20;65;131;258;106;157;60;96;132;132;16;39;141;34;214;59;59;88;151;318;242;10;181;139;119;60;3007
09.10.20;78;168;490;163;41;121;148;149;131;4;27;326;65;322;293;44;136;104;98;626;72;202;160;216;48;4232
10.10.20;82;77;270;75;15;13;88;109;79;9;5;133;56;91;63;16;41;41;111;124;0;63;87;33;43;1724
11.10.20;0;98;12;29;8;15;19;0;55;0;0;100;15;94;106;57;44;6;76;3;0;15;21;3;4;780
12.10.20;104;215;439;135;244;97;190;236;196;24;23;252;109;344;385;82;218;203;260;433;11;220;257;250;12;4939
13.10.20;162;79;250;124;190;70;169;56;104;11;11;169;81;198;257;68;215;132;145;186;32;213;335;180;48;3485
14.10.20;0;167;22;34;141;59;186;47;120;9;12;134;55;100;75;52;28;103;115;322;0;100;160;84;27;2152
15.10.20;75;168;254;258;44;83;234;194;185;17;12;218;111;233;377;119;168;346;218;468;89;358;317;210;78;4834
16.10.20;50;173;169;288;163;94;262;249;207;10;7;331;137;241;287;163;146;375;199;414;92;308;414;238;23;5040
17.10.20;106;155;27;37;174;27;207;133;43;16;47;129;84;115;227;63;44;114;76;165;61;103;145;25;18;2341
18.10.20;53;223;101;30;31;12;39;2;43;1;3;47;33;114;153;21;26;59;37;17;0;71;30;4;21;1171
19.10.20;83;179;323;198;270;124;276;318;131;11;46;284;163;308;355;265;270;397;382;944;49;337;370;288;184;6555
20.10.20;87;181;481;189;55;83;249;50;82;19;82;229;169;341;498;204;258;329;402;751;12;289;334;147;65;5586
21.10.20;76;256;312;170;269;114;249;44;74;13;87;182;155;283;48;168;171;432;380;484;59;229;277;207;228;4967
22.10.20;93;149;250;183;213;140;192;170;138;24;90;217;145;259;126;163;231;441;366;521;19;181;276;182;195;4964
23.10.20;219;281;382;350;152;147;293;217;129;25;25;470;297;443;141;395;125;651;255;857;73;321;352;349;164;7113
24.10.20;0;198;49;136;227;44;71;8;54;22;29;121;143;97;38;53;74;108;222;260;0;174;191;78;67;2464
25.10.20;17;93;20;49;204;20;34;0;58;10;7;60;54;85;451;27;101;68;167;148;0;21;39;11;9;1753
26.10.20;134;299;875;421;86;227;437;402;127;24;49;331;926;467;144;322;341;685;284;625;74;317;519;406;112;8634
27.10.20;124;236;385;268;286;58;260;52;92;42;102;221;123;281;168;389;275;329;259;506;38;222;253;161;441;5571
28.10.20;103;279;369;260;126;117;235;46;93;41;60;297;144;357;118;176;139;391;324;549;57;389;325;247;141;5383
29.10.20;120;196;320;173;259;111;355;202;122;28;44;340;178;409;158;158;148;432;255;493;98;347;270;294;105;5615
30.10.20;45;244;616;603;482;152;529;347;382;53;141;411;226;494;276;172;170;747;302;1691;97;447;503;595;163;9888
31.10.20;70;165;84;63;27;39;219;42;109;45;90;130;87;135;128;45;36;153;132;162;63;125;193;72;28;2442
01.11.20;97;179;16;31;126;100;43;0;123;16;3;88;49;55;157;27;61;243;73;20;1;67;40;19;81;1715
02.11.20;101;348;771;437;240;201;622;521;329;95;185;292;307;286;441;195;305;419;360;443;110;400;414;351;281;8454
03.11.20;139;255;550;412;326;130;281;107;269;42;113;210;141;324;341;311;469;518;375;597;48;409;348;241;118;7074
04.11.20;100;248;544;244;360;123;354;93;280;56;113;210;226;486;314;304;497;569;417;577;104;360;374;342;125;7420
05.11.20;113;338;601;262;322;119;554;357;221;67;52;345;135;1693;763;193;222;449;336;184;175;394;327;400;103;8725
06.11.20;110;416;623;382;300;208;633;445;196;84;65;418;223;592;506;160;299;645;256;1050;69;576;536;534;97;9423
07.11.20;128;291;246;72;526;54;177;48;216;19;18;142;73;98;137;35;67;195;51;64;73;171;182;57;75;3215
08.11.20;65;292;82;12;18;4;91;0;168;18;0;95;56;182;41;40;25;51;98;20;0;18;88;4;28;1496
09.11.20;217;426;559;564;245;149;662;827;324;88;85;391;341;464;502;263;386;442;215;901;29;631;522;690;111;10034
10.11.20;137;439;773;359;330;268;670;240;404;74;131;354;250;540;241;227;458;686;181;391;22;482;366;386;333;8742
11.11.20;106;359;677;364;462;145;666;593;425;81;37;453;159;428;591;297;322;573;246;579;93;405;391;456;175;9083
12.11.20;84;450;275;382;171;125;661;522;564;80;81;392;158;303;307;198;324;623;136;756;81;404;421;417;212;8127
13.11.20;95;500;640;474;716;204;463;594;362;83;80;905;197;482;896;142;208;949;126;733;95;661;537;587;213;10942
14.11.20;107;416;143;97;63;132;204;285;361;15;13;198;111;139;405;42;79;307;89;200;112;146;246;97;117;4124
15.11.20;53;249;146;28;227;28;84;5;302;28;0;141;40;58;481;95;23;95;51;47;1;90;48;13;109;2442
16.11.20;172;442;1128;739;737;312;749;1572;789;87;101;614;328;466;1066;482;533;987;298;1567;62;662;591;861;246;15591
17.11.20;96;343;572;438;529;269;432;733;708;34;94;427;141;488;442;500;554;614;201;657;248;369;459;333;221;9902
18.11.20;106;472;791;375;126;169;431;314;514;61;109;614;183;402;639;490;407;572;111;787;169;473;483;527;161;9486
19.11.20;90;385;787;229;550;292;444;706;369;81;57;669;146;431;394;430;336;718;204;824;180;369;306;466;285;9748
20.11.20;105;473;952;444;559;654;649;1055;859;84;173;1031;257;659;559;410;393;1340;225;1341;91;648;648;780;383;14772
21.11.20;107;284;172;101;46;234;192;204;321;22;29;242;74;117;285;109;64;257;28;281;220;226;168;216;225;4224
22.11.20;114;145;91;92;100;102;48;203;72;12;1;90;53;113;45;128;62;113;88;24;1;41;84;4;278;2104
23.11.20;128;344;941;705;845;447;1388;1723;648;93;133;761;343;565;442;340;647;854;329;898;79;604;657;773;246;14933
24.11.20;115;349;855;571;726;393;789;361;605;83;180;394;241;481;343;491;432;500;241;716;193;508;497;382;201;10647
25.11.20;151;279;872;549;552;553;820;264;854;65;181;533;270;486;633;393;515;594;325;741;102;479;511;385;409;11516
26.11.20;139;391;764;357;837;448;622;549;611;83;168;490;227;520;554;438;474;424;346;1036;150;461;465;360;463;11377
27.11.20;145;374;1075;551;715;469;879;997;883;82;132;905;353;734;559;470;484;578;294;1618;116;522;616;527;582;14660
28.11.20;109;201;159;42;75;244;238;85;437;35;27;231;44;198;381;53;65;118;59;162;192;200;295;54;361;4065
29.11.20;107;124;49;12;226;31;28;21;161;12;1;68;38;67;195;161;31;81;167;141;4;78;50;2;163;2018
30.11.20;144;676;1564;935;1083;356;1369;1544;1275;131;135;1842;1041;1018;1425;462;1065;1061;340;944;213;1858;898;735;535;22649
01.12.20;151;518;351;597;757;514;928;342;815;77;475;637;301;769;888;486;520;400;353;639;201;549;324;308;392;12292
02.12.20;178;428;1016;535;702;540;889;188;959;100;86;553;272;657;553;1091;598;433;262;575;183;438;536;375;485;12632
03.12.20;189;305;507;327;738;361;982;628;819;82;168;498;191;471;567;929;500;599;302;557;259;430;364;550;437;11760
04.12.20;178;283;1133;455;501;343;926;561;1115;172;88;791;858;858;757;1077;459;722;387;617;357;602;792;631;652;15315
05.12.20;53;247;171;40;308;168;458;128;348;51;13;164;33;180;548;66;77;218;233;429;216;142;230;84;401;5006
06.12.20;178;57;83;33;46;16;196;362;113;29;0;97;24;57;127;90;14;69;68;18;3;44;30;3;42;1799
07.12.20;174;332;887;338;749;226;871;924;612;170;104;567;585;771;730;804;749;609;312;1053;79;708;638;528;327;13847
08.12.20;198;393;690;366;544;226;819;252;723;108;267;577;291;728;354;871;705;254;439;496;12;441;672;228;491;11145
09.12.20;157;277;1087;419;403;164;764;271;963;91;83;292;268;640;459;359;516;345;340;680;59;431;428;306;441;10243
10.12.20;151;357;714;266;571;669;1205;473;720;95;61;396;469;1140;655;394;482;505;394;421;52;525;419;416;461;12011
11.12.20;157;270;1349;463;487;135;611;652;844;184;121;580;411;1114;1646;557;523;793;366;1026;24;748;631;447;409;14548
12.12.20;168;144;125;157;223;125;640;81;393;45;21;428;40;277;273;77;59;118;158;100;2;218;413;120;266;4671
13.12.20;115;161;121;32;20;137;241;11;88;28;9;150;27;60;379;87;113;43;151;8;0;38;62;1;31;2113
14.12.20;211;291;1282;483;990;376;1255;739;689;162;146;605;896;778;1523;1187;747;656;477;657;27;1060;825;377;423;16862
15.12.20;187;265;812;694;657;273;1201;217;1003;129;148;505;535;734;827;625;478;541;401;628;34;521;536;361;381;12693
16.12.20;178;229;1089;511;553;298;939;331;1066;153;102;695;398;904;524;704;495;472;362;765;47;372;611;268;448;12514
17.12.20;216;204;603;381;553;231;987;499;538;100;108;559;342;782;634;659;465;258;340;439;74;396;454;290;300;10412
18.12.20;230;360;1194;794;572;141;1152;711;880;192;147;913;482;1001;1036;488;677;524;300;644;108;477;961;269;371;14624
19.12.20;169;185;121;30;116;115;470;55;353;35;34;383;66;152;185;59;32;92;170;255;176;158;226;24;110;3771
20.12.20;133;98;77;46;19;45;66;8;96;28;19;309;46;273;552;54;56;34;153;12;82;73;151;5;36;2471
21.12.20;210;312;880;771;618;326;1068;902;585;186;142;612;837;896;1029;530;572;450;361;666;181;556;760;448;370;14268
22.12.20;208;304;740;417;551;248;684;216;685;103;158;498;305;630;501;1075;575;283;311;800;192;493;571;273;370;11191
23.12.20;211;252;735;669;482;426;910;190;895;110;137;718;392;738;799;710;559;316;275;743;206;344;569;279;337;12002
24.12.20;174;209;533;849;399;117;1247;403;743;182;135;810;468;869;667;806;450;535;206;761;450;422;725;301;393;12854
25.12.20;184;266;592;250;372;76;771;313;217;25;30;615;193;214;1525;43;54;193;81;251;18;208;291;59;171;7012
26.12.20;177;55;79;6;113;15;186;44;230;22;47;346;95;91;563;19;163;31;98;459;237;200;260;38;106;3680
27.12.20;258;20;37;39;23;8;101;21;100;14;1;161;38;40;898;35;101;55;198;9;7;99;76;2;92;2433
28.12.20;208;275;1660;949;414;337;1000;341;871;119;340;1254;1670;1646;1197;1054;608;686;273;540;533;425;772;319;345;17836
29.12.20;219;200;892;714;578;196;682;193;1011;75;228;334;342;924;834;715;417;430;194;475;518;393;556;238;419;11777
30.12.20;214;302;718;691;344;293;1301;222;991;171;117;646;474;848;2459;461;135;458;128;659;3601;285;647;431;434;17030
31.12.20;111;237;496;518;239;318;1190;326;737;106;180;458;637;757;1925;568;419;443;112;805;398;393;672;442;336;12823
01.01.21;56;55;152;6;114;68;326;76;128;6;3;320;35;224;528;6;13;89;87;95;12;22;28;25;17;2491
02.01.21;290;37;62;50;49;6;320;72;190;12;85;254;47;38;136;54;91;123;103;236;187;73;186;15;81;2797
03.01.21;54;11;120;22;72;5;33;10;58;4;4;195;21;81;60;47;45;71;88;7;9;10;96;6;50;1179
04.01.21;154;179;712;784;611;187;1357;364;608;66;235;610;811;669;1345;526;596;442;272;667;325;426;753;240;266;13205
05.01.21;171;177;548;477;411;233;911;130;825;82;196;466;357;860;830;1033;308;351;296;560;148;390;429;224;210;10623
06.01.21;226;187;651;732;294;243;896;106;692;70;166;505;440;893;791;670;207;300;102;740;686;474;448;304;581;11404
07.01.21;392;30;204;15;60;160;144;59;84;9;0;127;52;249;149;21;31;90;98;189;6;24;122;73;79;2467
08.01.21;417;84;547;524;106;98;897;154;424;53;193;295;131;394;1035;130;72;572;97;496;151;212;357;121;127;7687
09.01.21;167;71;100;31;64;74;123;8;219;17;60;191;35;143;283;59;116;104;84;370;206;64;141;77;53;2860
10.01.21;198;12;199;27;17;58;46;13;79;5;0;203;40;84;76;69;278;23;87;3;8;20;65;17;49;1676
11.01.21;322;232;1395;828;548;193;1049;224;571;72;194;347;883;523;2656;494;677;532;261;862;388;456;517;265;108;14597
12.01.21;329;344;499;399;360;178;514;123;696;42;235;291;370;969;1126;582;419;300;289;416;250;298;487;230;315;10061
13.01.21;299;308;569;310;477;61;845;188;528;27;155;243;378;747;349;465;318;299;166;447;360;217;340;194;200;8490
14.01.21;362;200;809;691;530;244;832;141;423;65;169;276;434;721;1087;274;221;210;106;507;305;206;224;267;227;9531
15.01.21;325;206;755;385;408;147;528;266;495;77;220;494;408;601;1380;484;93;261;106;386;375;365;495;180;185;9625
16.01.21;207;205;444;63;80;64;103;18;179;16;54;371;146;526;324;88;170;66;108;250;130;25;253;100;62;4052
17.01.21;148;21;110;20;96;12;24;3;49;6;2;461;21;36;344;13;0;30;101;7;8;17;51;7;19;1606
18.01.21;792;127;527;501;274;229;737;193;496;62;349;400;644;1026;1245;690;278;453;198;576;509;517;489;249;99;11660
19.01.21;301;140;323;524;172;81;426;157;559;42;321;310;272;1127;388;662;169;393;178;329;148;290;275;153;87;7827
20.01.21;310;137;588;531;224;125;920;108;457;45;110;459;405;2217;365;223;135;223;77;455;196;485;248;194;210;9447
21.01.21;269;179;311;254;256;46;392;69;317;48;104;351;480;2559;440;487;166;141;253;507;58;206;186;116;158;8353
22.01.21;312;140;488;532;267;100;273;180;329;85;215;764;523;1777;585;694;201;284;165;368;68;214;199;230;144;9137
23.01.21;160;158;30;18;82;47;170;8;145;15;56;127;34;791;60;13;137;49;101;143;193;48;142;65;35;2827
24.01.21;115;20;8;28;39;17;56;3;24;6;4;61;12;433;6;14;122;47;137;7;0;33;12;15;17;1236
25.01.21;214;118;746;415;269;151;387;141;272;74;275;493;2063;4813;593;877;131;372;121;415;169;458;369;227;114;14277
26.01.21;174;129;623;476;259;194;453;120;565;66;167;407;299;1993;709;732;180;194;264;389;133;178;248;123;86;9161
27.01.21;162;135;608;293;102;120;484;106;388;50;165;438;192;1526;362;255;192;110;159;478;80;156;197;265;184;7207
28.01.21;158;77;423;210;306;34;570;188;261;42;102;286;396;1669;392;259;168;119;271;254;146;150;148;221;133;6983
29.01.21;336;224;401;337;113;41;319;313;371;66;196;529;340;2280;610;160;234;205;201;333;109;183;260;248;136;8545
30.01.21;145;54;30;21;47;8;68;10;129;11;47;244;59;458;140;11;18;17;171;331;241;53;127;69;45;2554
31.01.21;117;36;15;90;90;1;27;5;43;3;3;83;37;264;19;20;129;22;106;2;17;4;18;20;7;1178
01.02.21;164;93;249;307;180;71;563;233;303;30;197;462;388;1679;900;172;269;176;221;393;110;191;181;261;145;7938
02.02.21;180;188;239;332;255;219;241;279;338;36;111;245;146;1883;686;236;224;110;188;365;108;127;122;161;135;7154
03.02.21;227;127;281;260;132;137;288;160;216;25;107;287;216;2234;255;112;254;98;208;412;82;137;129;267;117;6768
04.02.21;190;78;277;135;38;62;339;464;229;18;95;282;222;1678;132;98;123;147;218;197;87;88;89;168;89;5543
05.02.21;254;133;393;316;157;38;205;438;252;44;87;448;266;991;377;156;170;171;100;291;145;195;182;252;150;6211
06.02.21;162;60;149;43;13;10;38;24;80;5;20;458;9;41;25;12;44;25;114;216;29;21;87;95;28;1808
07.02.21;74;2;34;10;30;0;13;2;30;0;2;147;12;42;32;14;46;6;112;1;1;2;9;78;7;706
08.02.21;101;153;304;212;313;167;227;390;278;46;114;195;231;1724;381;391;151;313;152;331;111;152;150;294;88;6969
09.02.21;108;85;139;201;70;166;245;401;351;25;70;159;121;975;266;130;279;136;64;287;97;204;105;163;87;4934
10.02.21;160;104;193;224;107;307;248;311;302;35;57;202;303;572;378;98;207;114;161;283;100;169;115;295;82;5127
11.02.21;209;59;269;157;118;108;164;353;219;10;50;273;169;1273;213;75;159;93;114;286;55;125;70;159;80;4860
12.02.21;229;137;347;174;164;129;236;522;342;28;91;445;139;1437;434;198;153;149;68;313;150;144;157;363;137;6686
13.02.21;130;43;76;9;51;21;34;107;63;3;15;115;13;284;137;8;48;28;119;141;30;39;83;30;37;1664
14.02.21;72;3;56;4;39;10;2;1;35;1;0;111;13;24;114;9;5;24;112;2;2;15;10;24;9;697
15.02.21;208;178;393;360;421;347;275;426;418;42;62;318;150;581;249;122;187;186;128;280;23;196;179;362;92;6183
16.02.21;232;165;201;244;61;82;88;380;283;19;72;267;93;490;273;194;95;90;148;225;44;141;123;219;102;4331
17.02.21;147;136;224;148;140;71;148;392;273;34;163;371;79;445;240;130;117;100;171;238;34;153;128;265;111;4458
18.02.21;258;119;153;149;250;136;165;374;239;15;49;228;78;511;178;91;125;71;116;193;67;129;74;231;110;4109
19.02.21;149;123;251;209;226;104;210;853;286;28;40;279;134;547;205;78;76;133;114;269;109;115;115;275;98;5026
20.02.21;89;41;122;12;50;20;22;60;103;4;18;75;12;75;48;3;34;29;81;112;40;60;50;31;31;1222
21.02.21;27;50;9;14;60;4;6;11;17;0;0;172;16;73;19;2;0;9;67;4;0;17;4;6;5;592
22.02.21;293;124;346;162;118;532;209;863;252;24;118;314;1712;506;265;125;144;152;119;233;26;200;124;414;71;7446
23.02.21;209;129;303;110;264;250;72;568;377;28;36;200;95;280;155;71;165;101;69;182;21;131;94;193;110;4213
24.02.21;190;107;290;106;240;258;236;587;385;22;53;151;70;312;227;131;98;81;159;256;25;106;107;351;89;4637
25.02.21;151;100;307;163;205;187;95;711;304;22;104;244;141;525;204;35;129;79;114;202;24;116;105;372;79;4718
26.02.21;141;140;339;149;257;319;167;860;388;33;77;556;72;482;93;70;157;144;94;235;17;130;154;518;138;5730
27.02.21;156;89;27;14;155;42;44;116;136;2;7;463;11;80;18;14;62;21;99;122;33;25;38;115;39;1928
28.02.21;79;16;43;5;122;37;10;19;107;5;2;148;61;29;12;10;14;13;104;9;7;144;16;35;13;1060
01.03.21;127;138;314;123;258;761;82;1095;357;21;53;467;241;838;254;120;98;162;139;279;22;198;227;608;84;7066
02.03.21;309;142;125;155;183;288;106;528;441;35;55;161;123;959;127;107;164;84;103;133;51;213;112;336;148;5188
03.03.21;239;143;126;115;293;556;114;517;523;48;49;211;110;348;177;84;152;123;179;206;24;279;121;569;144;5450
04.03.21;155;126;145;66;177;498;117;807;401;34;44;260;111;536;190;102;141;78;138;178;34;131;73;511;122;5175
05.03.21;215;205;196;117;249;296;170;972;405;43;66;448;240;287;313;74;100;223;150;347;22;202;143;800;160;6443
06.03.21;39;89;53;8;199;126;41;127;252;9;11;130;28;84;30;21;86;41;85;237;36;23;64;370;33;2222
07.03.21;90;0;151;4;27;265;3;10;107;6;0;40;9;28;4;20;16;3;144;32;2;18;20;47;38;1084
08.03.21;62;20;189;5;45;30;32;785;129;1;3;92;29;41;41;15;66;17;115;1;1;119;24;14;12;1888
09.03.21;208;192;353;148;236;195;149;876;718;45;83;526;297;551;236;206;235;192;89;381;37;225;112;649;136;7075
10.03.21;359;211;339;162;487;432;185;643;666;76;33;301;247;630;128;98;131;145;258;341;16;245;211;522;169;7035
11.03.21;335;150;229;209;423;677;237;640;558;43;35;505;139;644;86;84;144;151;158;230;25;305;85;640;177;6909
12.03.21;264;239;487;132;688;837;173;1466;594;58;50;485;227;848;150;118;191;295;280;341;44;202;181;723;144;9217
13.03.21;265;79;95;12;147;16;48;69;303;6;12;52;18;162;161;24;28;38;154;193;57;87;56;280;95;2457
14.03.21;267;6;32;6;29;5;50;29;78;1;0;188;11;134;19;25;120;16;187;19;3;28;24;46;19;1342
15.03.21;311;193;854;191;527;359;239;1065;780;57;62;446;242;625;212;175;237;248;217;360;70;406;206;870;144;9096
16.03.21;248;163;294;236;315;305;216;812;599;47;52;235;262;349;182;88;224;194;250;352;41;305;181;448;191;6589
17.03.21;308;173;362;341;623;682;211;641;1028;38;35;444;205;654;245;138;231;208;350;379;56;477;163;624;253;8869
18.03.21;266;117;284;181;461;552;141;842;836;37;33;517;158;456;281;70;145;119;262;370;29;264;141;563;168;7293
19.03.21;209;307;372;173;446;673;233;1074;666;42;43;582;230;490;373;192;158;312;287;402;52;302;352;604;245;8819
20.03.21;336;137;21;17;427;190;41;132;558;10;6;775;60;113;77;9;115;54;165;270;17;145;64;266;126;4131
21.03.21;204;35;2;27;27;3;28;69;85;3;0;332;7;54;40;2;41;8;165;13;3;54;17;40;25;1284
22.03.21;598;287;565;264;594;335;159;973;597;50;71;503;181;683;283;341;252;171;314;420;43;304;293;709;116;9106
23.03.21;488;233;186;223;322;453;189;513;556;41;56;366;129;485;359;306;216;312;220;459;28;500;248;503;173;7564
24.03.21;416;169;232;238;212;211;260;733;754;47;49;259;139;705;145;205;221;240;367;391;78;194;202;707;335;7509
25.03.21;324;191;227;380;838;198;369;614;1028;43;49;272;113;548;223;267;200;214;201;486;41;307;256;665;265;8319
26.03.21;453;299;834;483;1077;119;396;944;913;73;77;616;18;541;503;369;175;355;394;607;53;404;301;563;307;10874
27.03.21;421;123;43;113;165;3;128;92;454;20;2;123;1;69;94;65;108;34;201;395;32;313;90;339;128;3556
28.03.21;203;22;13;10;73;1;14;13;54;18;0;110;3;81;22;28;97;40;189;8;0;87;46;66;20;1218
29.03.21;113;374;1216;455;705;1310;279;669;978;96;70;630;442;1050;621;218;80;531;189;439;50;893;470;654;211;12743
30.03.21;353;266;584;433;1040;1105;469;519;943;87;116;823;12;737;296;408;312;410;329;536;197;544;379;789;372;12059
31.03.21;425;304;1101;646;988;690;539;647;1213;113;90;1073;35;723;377;504;180;400;352;613;74;1037;517;762;536;13939
01.04.21;540;229;840;373;834;508;314;212;984;69;82;1201;22;604;747;701;384;378;366;596;70;382;292;669;341;11738
02.04.21;777;324;1077;674;1131;556;653;538;1098;91;84;1014;66;749;607;333;372;591;381;779;68;630;474;598;479;14144
03.04.21;399;176;48;42;256;19;162;57;532;16;20;547;18;146;265;23;47;75;288;575;67;168;379;237;204;4766
04.04.21;245;34;24;15;203;7;34;37;287;12;2;505;3;35;80;48;65;73;178;20;8;51;110;65;37;2178
05.04.21;782;367;1091;647;1134;501;595;909;1079;115;179;754;371;860;989;425;513;822;308;738;63;1359;473;759;377;16210
06.04.21;467;269;983;521;755;365;408;376;925;105;95;513;30;662;610;808;376;401;468;752;96;1040;499;367;517;12408
07.04.21;628;322;856;471;664;262;458;371;919;95;107;640;256;636;799;495;368;590;441;739;92;968;548;546;514;12785
08.04.21;520;346;972;569;626;572;672;300;787;82;82;741;671;725;717;339;547;320;470;777;54;812;543;328;415;12987
09.04.21;662;451;952;829;550;698;826;645;1034;190;130;1122;505;656;642;479;369;831;456;959;104;595;647;519;417;15268
10.04.21;602;259;88;82;154;956;197;41;367;58;17;583;226;236;502;56;55;143;359;812;107;150;299;298;157;6804
11.04.21;319;50;112;23;108;172;43;16;66;30;15;358;10;24;947;68;142;52;327;13;17;58;49;26;56;3101
12.04.21;724;570;1383;825;1082;798;808;592;1333;165;247;1387;1220;719;1618;886;653;887;322;1071;134;932;695;593;349;19993
13.04.21;604;418;431;793;557;275;556;298;1017;120;156;587;309;724;462;680;380;480;453;791;227;654;579;305;546;12402
14.04.21;409;332;629;549;672;322;776;267;1110;133;169;1026;342;833;949;625;423;496;517;951;147;1168;1234;407;434;14920
15.04.21;607;432;1265;415;598;534;742;278;887;160;158;1043;507;711;716;507;445;662;560;888;93;1290;751;391;735;15375
16.04.21;580;583;1048;474;534;694;858;435;1206;161;151;1695;1513;450;1876;575;257;1058;429;1264;119;1107;839;426;654;18986
17.04.21;324;215;140;65;197;61;344;29;348;50;39;302;165;441;312;29;147;72;395;1032;249;177;244;150;188;5715
18.04.21;406;58;494;141;91;20;54;2;60;6;5;798;38;37;91;56;71;76;416;25;1;50;60;23;24;3103
19.04.21;482;559;3067;688;826;373;757;343;1009;191;241;1162;1150;397;1805;660;453;942;282;978;113;1020;915;540;441;19394
20.04.21;327;504;1370;722;795;804;660;220;1126;127;127;1288;634;445;1095;659;545;510;524;978;294;796;789;372;579;16290
21.04.21;495;259;1137;853;787;384;865;180;1065;114;239;1674;341;874;590;771;716;586;561;906;138;976;679;286;552;16028
22.04.21;450;393;574;609;443;305;557;146;660;137;180;1703;402;687;416;1648;624;612;597;1041;192;564;540;284;361;14125
23.04.21;249;402;941;664;732;132;630;226;961;159;190;1076;481;410;859;522;678;607;396;1549;151;1461;694;357;363;14890
24.04.21;449;222;304;128;191;18;162;31;210;42;49;409;36;197;372;39;76;111;279;1532;331;796;376;155;116;6631
25.04.21;462;83;151;39;132;0;22;7;51;19;25;179;78;248;566;28;44;55;219;14;45;33;116;35;19;2670
26.04.21;573;671;2155;1329;1379;529;873;219;713;167;409;2600;1222;810;2487;577;645;841;421;1370;230;1062;877;465;498;23122
27.04.21;608;390;868;830;444;960;524;149;636;126;235;1500;321;726;841;494;1070;585;567;978;372;730;688;338;438;15418
28.04.21;683;304;885;1015;492;354;644;137;528;149;221;2517;429;666;663;264;839;826;637;1198;111;968;720;309;419;15978
29.04.21;754;259;1508;1451;493;145;666;102;508;114;237;1484;760;1103;1101;529;750;633;483;976;156;514;469;283;345;15823
30.04.21;607;723;2526;1067;589;260;792;324;744;336;280;1928;1223;1279;1439;1606;795;723;289;1804;201;1204;986;413;347;22485
01.05.21;102;347;176;174;85;216;113;23;76;41;7;236;381;27;53;31;182;117;279;955;25;118;204;112;76;4156
02.05.21;138;29;112;90;70;141;13;8;86;19;13;110;26;26;249;16;136;46;286;16;64;9;79;70;7;1859
03.05.21;261;196;963;446;390;259;283;62;132;48;11;411;1152;263;862;129;150;155;208;809;135;398;295;134;29;8181
04.05.21;152;82;317;220;81;122;403;52;177;60;114;442;130;37;304;105;191;174;258;912;133;456;463;63;32;5480
05.05.21;406;353;1412;1948;546;121;1006;181;760;306;397;1073;969;1520;966;709;873;782;382;1372;179;932;888;179;429;18689
06.05.21;488;418;1278;1221;365;165;684;100;567;368;274;1061;846;1023;588;878;688;746;446;985;307;485;591;209;748;15529
07.05.21;610;416;1541;1364;714;341;603;254;699;672;257;1478;571;912;711;456;581;702;437;1436;179;369;724;331;1063;17421
08.05.21;213;152;125;371;175;156;174;12;232;489;99;207;197;219;143;24;279;29;262;1302;208;42;240;97;862;6309
09.05.21;118;45;210;278;197;58;25;5;247;304;35;259;45;77;130;28;116;19;322;21;13;14;69;121;367;3123
10.05.21;372;155;791;325;330;45;350;131;238;213;25;557;547;182;1568;90;281;236;191;922;279;284;280;241;146;8779
11.05.21;584;263;934;1204;647;131;815;67;815;344;273;583;138;754;920;1158;1293;500;454;1297;385;540;696;203;306;15304
12.05.21;701;261;532;1120;616;113;453;163;475;203;337;713;559;1001;843;1168;708;349;402;1264;152;429;534;165;288;13549
13.05.21;544;188;557;582;742;38;502;158;352;174;231;709;38;824;817;766;669;284;297;1145;282;311;340;115;165;10830
14.05.21;645;313;1623;854;467;52;454;229;560;308;313;748;475;1168;926;688;572;438;330;1514;190;487;482;234;223;14293
15.05.21;430;188;269;167;309;72;173;8;195;94;61;114;108;165;480;180;139;106;245;974;254;591;161;74;89;5646
16.05.21;405;8;411;77;273;268;142;7;226;54;10;85;0;41;922;102;178;11;188;149;111;8;33;79;38;3826
17.05.21;828;430;944;768;479;23;381;103;383;281;457;1280;344;620;606;1076;721;286;326;918;215;480;395;119;171;12634
18.05.21;685;295;502;812;353;55;249;42;398;221;219;392;62;1448;463;707;658;320;270;1111;180;429;261;92;231;10455
19.05.21;665;137;650;763;314;71;387;56;381;175;235;257;91;2476;861;818;395;225;354;1140;217;171;276;83;193;11391
20.05.21;485;187;647;585;365;101;365;84;274;144;213;518;256;1879;763;503;257;227;268;1011;247;707;344;88;234;10752
21.05.21;626;269;1004;681;194;119;425;222;234;167;169;856;371;3577;1441;400;181;277;243;792;201;297;341;91;138;13316
22.05.21;628;107;217;216;74;68;82;10;118;25;26;255;64;2662;33;22;17;24;222;319;148;30;108;52;39;5566
23.05.21;437;26;241;43;26;2;102;19;250;79;9;171;0;595;1035;3;35;24;174;115;252;29;37;42;38;3784
24.05.21;777;289;558;814;238;106;418;108;168;122;156;466;615;4042;625;602;337;309;177;447;194;591;239;101;74;12573
25.05.21;512;169;320;716;290;109;290;66;298;129;218;509;177;2226;1534;139;187;173;185;524;313;256;213;107;124;9784
26.05.21;669;102;640;612;141;46;195;123;205;78;125;458;303;4337;177;116;388;208;268;567;225;365;218;93;101;10760
27.05.21;718;114;379;228;155;10;645;113;358;167;160;375;289;1956;891;255;254;135;227;962;252;208;295;95;98;9339
28.05.21;526;187;516;334;95;75;235;181;309;131;109;376;172;3476;876;110;241;254;161;621;140;364;272;96;112;9969
29.05.21;416;106;302;105;130;4;312;12;281;123;25;41;111;610;893;16;43;23;174;620;237;73;141;48;53;4899
30.05.21;288;21;39;65;22;1;15;4;11;14;4;23;30;2375;60;10;8;39;181;12;2;4;24;35;2;3289
31.05.21;261;192;369;667;191;93;579;144;295;170;156;365;329;1998;732;222;231;263;234;599;224;395;357;146;238;9450
01.06.21;289;230;309;303;124;81;172;104;162;90;101;97;169;3339;301;119;137;140;188;318;218;174;115;75;77;7432
02.06.21;246;128;320;232;90;24;241;91;132;39;131;84;182;3171;305;196;376;98;195;496;95;157;196;76;44;7345
03.06.21;241;58;267;254;59;53;154;66;104;39;103;99;126;2835;206;48;85;125;81;496;92;91;130;59;33;5904
04.06.21;189;164;494;243;165;16;188;190;137;64;116;173;117;2840;438;108;251;164;121;577;142;128;117;85;42;7269
05.06.21;102;70;220;29;13;10;58;7;122;11;15;46;4;343;53;3;55;33;214;167;42;11;46;29;2;1705
06.06.21;118;9;21;11;59;0;212;1;415;161;6;54;17;214;96;52;5;13;226;125;51;12;82;5;57;2022
07.06.21;207;180;452;344;68;114;154;53;100;48;74;127;166;2676;209;175;114;85;84;355;275;118;102;68;44;6392
08.06.21;123;110;251;251;88;79;146;44;113;32;63;98;142;2401;214;50;138;120;127;410;132;80;127;35;37;5411
09.06.21;109;69;238;136;44;25;194;29;94;41;49;66;53;2136;132;126;258;127;89;283;138;61;114;35;58;4704
10.06.21;134;61;284;196;58;175;90;61;116;32;52;129;110;2062;157;81;211;74;62;204;168;46;82;40;55;4740
11.06.21;102;111;265;108;99;12;85;149;116;45;79;140;131;212;110;141;94;93;74;303;151;103;84;35;30;2872
12.06.21;59;60;249;13;27;0;30;4;100;6;3;27;16;1889;83;3;4;7;57;156;4;15;26;14;3;2855
13.06.21;42;5;17;6;18;0;13;2;24;16;4;13;0;1838;24;4;32;3;99;11;23;8;4;3;6;2215
14.06.21;101;83;227;159;124;65;84;106;158;57;98;189;45;1897;127;112;188;109;82;249;84;80;126;35;32;4617
15.06.21;60;57;139;216;73;115;129;27;212;227;55;128;146;1167;134;81;108;109;56;316;205;65;86;42;94;4047
16.06.21;59;40;211;81;57;127;118;36;184;39;29;85;39;692;106;84;155;93;75;159;127;70;66;19;65;2816
17.06.21;41;37;130;103;30;32;56;40;43;11;27;79;0;210;77;51;92;42;53;166;130;18;48;32;20;1568
18.06.21;25;60;235;72;47;49;63;48;85;28;59;194;28;186;133;359;127;63;53;177;203;87;38;39;43;2501
19.06.21;32;41;18;9;23;2;26;3;5;4;13;65;2;41;24;3;13;7;43;108;5;3;26;8;17;541
20.06.21;32;28;26;1;14;1;5;1;13;10;1;8;0;129;14;1;0;2;72;2;0;6;1;10;1;378
21.06.21;16;14;75;23;14;1;26;28;25;11;2;149;10;139;92;6;22;46;28;53;4;20;16;17;2;839
22.06.21;33;47;106;101;63;18;52;31;37;21;67;138;2;235;157;82;108;104;47;137;64;55;76;9;60;1850
23.06.21;32;38;108;82;72;4;88;37;57;26;52;75;2;519;71;90;111;43;35;109;21;39;32;9;41;1793
24.06.21;22;40;106;107;85;35;55;17;40;16;43;115;3;376;82;57;45;44;43;63;25;27;20;14;9;1489
25.06.21;23;27;136;92;21;58;80;30;62;28;17;73;70;213;213;21;30;49;35;148;220;45;105;19;34;1849
26.06.21;32;34;190;9;11;12;19;7;31;2;6;15;4;65;43;1;19;0;56;34;6;2;4;1;2;605
27.06.21;11;0;68;2;0;14;2;2;5;1;1;11;0;125;1;4;8;7;45;0;0;2;1;1;1;312
28.06.21;21;10;54;12;2;21;24;14;11;3;4;56;25;217;107;12;11;3;46;31;0;15;10;17;0;726
29.06.21;17;25;88;92;62;18;44;19;26;17;34;62;124;175;178;58;62;99;25;123;36;37;34;11;26;1492
30.06.21;18;25;141;59;34;56;80;11;40;18;41;121;21;264;22;67;44;47;25;84;18;116;28;9;32;1421
01.07.21;11;19;34;39;12;18;53;12;15;9;27;64;39;174;45;14;12;31;17;39;33;47;6;3;16;789
02.07.21;26;27;53;26;32;25;36;13;17;11;7;89;61;149;47;21;48;15;12;51;61;25;43;17;22;934
03.07.21;12;13;11;17;6;26;9;0;2;4;4;5;12;84;8;1;7;26;30;57;0;18;5;0;3;360
04.07.21;13;4;1;0;3;8;2;0;0;0;1;2;15;80;3;0;19;0;9;0;0;1;2;0;0;163
05.07.21;23;17;23;41;31;13;14;7;30;5;37;29;33;212;42;32;16;36;45;40;14;14;31;9;22;816
06.07.21;12;67;26;27;13;19;30;4;10;16;11;18;36;395;45;30;20;26;39;35;113;28;22;3;10;1055
07.07.21;13;13;36;30;16;12;33;8;17;23;16;42;18;169;34;20;11;21;28;40;9;23;15;3;12;662
08.07.21;7;19;37;31;7;9;26;8;15;9;8;46;11;192;43;22;4;20;33;33;4;13;5;4;13;619
09.07.21;8;6;30;30;17;9;24;8;17;7;21;42;26;160;35;21;33;22;25;44;19;14;9;11;4;642
10.07.21;12;7;36;6;9;6;2;6;1;1;2;2;16;57;28;0;2;4;21;40;4;21;1;0;3;287
11.07.21;2;4;29;0;2;2;5;0;5;0;0;0;15;34;0;0;1;9;4;1;0;2;0;0;0;115
12.07.21;13;5;30;55;26;4;11;1;19;8;11;83;40;108;34;24;19;39;2;31;53;12;6;6;13;653
13.07.21;7;22;33;21;6;2;17;3;74;5;4;41;17;128;26;32;11;28;4;17;7;19;12;4;8;548
14.07.21;8;6;27;25;35;1;29;8;57;5;27;34;14;145;57;9;10;19;0;30;17;8;8;4;14;597
15.07.21;5;8;46;23;12;3;18;8;38;3;4;23;23;137;34;61;13;24;6;28;20;9;10;1;17;574
16.07.21;8;8;42;35;15;3;21;11;25;5;10;49;13;155;31;55;4;24;7;42;21;26;22;10;12;654
17.07.21;11;3;17;0;6;0;6;0;1;0;2;5;11;39;1;0;2;13;11;31;14;0;2;2;3;180
18.07.21;5;0;13;3;5;0;1;0;16;0;0;1;0;57;1;1;2;4;5;0;0;0;0;0;0;114
19.07.21;7;9;21;51;23;2;11;4;10;6;18;16;19;152;40;16;15;26;11;17;8;11;13;2;8;516
20.07.21;13;3;34;25;6;4;24;5;24;3;22;28;5;174;42;7;5;25;7;25;14;14;9;4;18;540
21.07.21;22;6;28;15;22;4;13;4;7;7;6;9;6;180;21;10;4;31;2;28;7;14;7;1;7;461
22.07.21;17;6;25;43;8;1;13;2;10;3;12;14;2;139;11;29;7;17;3;20;52;3;5;8;4;454
23.07.21;16;10;43;20;7;9;11;11;30;6;14;25;6;124;26;3;10;8;3;23;4;8;10;5;3;435
24.07.21;17;0;11;1;0;0;4;1;11;0;3;13;3;33;0;0;2;2;1;26;4;1;5;2;1;141
25.07.21;7;1;0;1;0;0;0;0;5;0;0;1;12;2;0;1;1;8;6;1;0;0;4;0;3;53
26.07.21;18;3;27;49;37;3;20;4;14;8;31;51;16;552;61;18;15;27;2;24;21;9;16;3;4;1033
27.07.21;15;6;30;21;5;4;27;3;25;1;31;11;16;91;25;15;6;26;5;13;1;3;14;9;4;407
28.07.21;18;9;35;43;10;2;10;10;22;2;17;6;25;104;47;6;6;21;5;23;11;9;18;3;7;469
29.07.21;11;8;18;38;19;0;24;7;14;3;8;13;10;208;34;12;3;19;0;17;10;14;6;2;8;506
30.07.21;10;10;37;25;16;10;20;11;29;5;25;38;5;108;42;17;10;31;3;35;9;3;16;20;9;544
31.07.21;6;0;16;1;0;0;11;2;7;0;6;4;2;32;15;3;2;3;5;38;6;0;7;0;10;176
01.08.21;5;0;11;1;0;0;0;0;0;2;0;0;7;19;0;1;2;2;3;1;3;0;0;0;0;57
02.08.21;13;3;23;60;22;2;18;8;22;4;25;11;18;139;49;29;2;27;4;23;17;20;20;3;4;566
03.08.21;10;4;38;38;16;2;28;7;19;3;23;21;20;115;37;23;4;35;5;21;66;18;8;3;37;601
04.08.21;7;4;29;36;8;5;58;13;32;0;28;14;16;78;103;14;8;25;1;30;12;10;11;8;13;563
05.08.21;7;0;34;47;18;0;35;7;13;1;19;11;27;86;69;7;6;24;5;29;18;11;8;1;8;491
06.08.21;24;3;59;42;18;15;32;8;28;4;21;57;16;852;52;57;4;19;2;40;37;7;19;14;12;1442
07.08.21;19;1;13;7;1;0;18;21;13;1;6;3;9;75;4;0;3;6;14;32;5;0;3;0;5;259
08.08.21;14;2;15;2;1;0;3;0;2;2;0;0;15;99;2;0;2;1;9;0;0;1;1;0;3;174
09.08.21;6;1;50;55;33;6;41;4;21;6;39;33;9;684;128;10;10;27;0;38;17;18;18;18;7;1279
10.08.21;33;3;40;63;3;3;37;4;20;5;35;30;0;531;67;22;12;44;8;36;7;36;31;11;41;1122
11.08.21;17;5;31;83;18;1;56;15;49;5;32;28;20;378;79;15;9;32;11;30;34;15;16;3;34;1016
12.08.21;28;1;64;35;30;3;28;15;28;12;24;41;13;346;58;4;12;12;15;40;50;15;17;19;14;924
13.08.21;17;12;34;37;15;9;40;13;48;11;16;64;26;241;31;21;7;33;12;61;24;22;16;7;26;843
14.08.21;17;1;35;7;9;0;6;0;17;0;4;8;13;15;20;1;6;4;16;44;11;3;5;12;2;256
15.08.21;13;0;22;0;2;0;0;0;2;0;0;0;10;13;5;5;3;4;3;3;2;0;0;0;0;87
16.08.21;17;1;39;18;26;9;68;6;33;10;50;44;0;22;71;17;4;42;4;63;12;20;20;18;12;626
17.08.21;19;8;32;92;29;10;58;9;46;3;43;28;23;72;91;30;33;46;12;44;24;27;28;17;20;844
18.08.21;17;6;42;58;26;10;62;12;33;3;30;28;37;172;72;12;21;15;23;36;74;21;15;17;30;872
19.08.21;22;12;30;87;19;3;40;14;25;2;38;20;29;107;38;26;4;41;31;46;22;34;23;24;32;769
20.08.21;19;20;106;50;38;12;55;16;31;11;29;86;18;116;24;10;18;32;26;95;23;49;23;37;30;974
21.08.21;6;4;27;8;5;0;10;0;13;0;3;3;11;31;5;5;8;12;2;122;35;3;11;12;3;339
22.08.21;14;0;0;1;2;0;3;0;6;0;5;0;11;101;16;2;6;6;20;0;0;2;13;1;1;210
23.08.21;9;4;26;36;15;3;58;13;42;10;29;70;12;55;41;16;7;18;22;55;17;24;24;37;18;661
24.08.21;8;5;11;5;10;0;18;26;10;1;13;16;29;21;18;1;8;15;41;44;12;4;8;6;12;342
25.08.21;28;25;83;103;54;9;154;36;71;8;63;62;22;174;49;130;20;60;57;101;61;68;34;43;26;1541
26.08.21;28;9;30;47;25;11;55;24;48;6;40;48;21;159;28;42;35;44;23;78;37;28;28;23;47;964
27.08.21;29;8;117;70;27;24;92;41;58;5;38;74;25;120;38;37;20;46;49;79;100;47;27;50;28;1249
28.08.21;32;6;42;17;18;0;35;26;22;2;15;16;19;139;29;10;12;14;21;101;14;12;14;32;10;658
29.08.21;18;0;7;4;2;0;3;37;2;0;1;3;16;60;1;0;1;15;46;1;0;0;4;0;1;222
30.08.21;38;4;129;139;33;7;124;26;57;12;74;116;15;241;77;44;25;19;61;96;31;66;47;96;29;1606
31.08.21;45;6;93;111;44;1;112;16;58;7;34;66;21;127;28;14;26;31;38;77;8;69;25;54;30;1141
01.09.21;35;32;55;23;34;12;69;51;28;12;39;38;13;153;65;12;15;33;47;72;37;34;29;36;50;1024
02.09.21;40;12;46;109;11;13;90;58;58;10;62;52;37;140;88;51;12;40;27;76;55;43;26;44;37;1237
03.09.21;31;22;148;60;64;18;89;41;43;4;45;52;17;357;82;12;44;60;30;97;30;63;40;74;71;1594
04.09.21;39;8;24;13;16;4;18;44;19;4;14;14;11;10;125;1;25;11;27;88;6;2;8;27;3;561
05.09.21;33;0;44;5;1;0;4;14;8;0;0;9;16;19;86;0;23;4;28;1;0;1;0;1;6;303
06.09.21;14;8;66;135;75;16;75;51;51;9;90;63;11;266;86;63;55;39;48;109;45;50;47;81;20;1573
07.09.21;10;12;132;125;3;23;41;33;101;9;30;45;28;199;66;12;30;25;52;101;64;23;27;70;51;1312
08.09.21;33;28;80;178;46;26;92;75;84;14;80;81;23;216;94;14;44;48;60;72;26;46;24;64;68;1616
09.09.21;40;12;62;131;33;24;100;54;92;24;33;70;42;185;82;38;25;27;65;110;36;47;35;62;37;1466
10.09.21;45;35;93;134;55;7;125;58;96;17;66;133;17;160;155;35;61;28;67;121;163;62;35;121;87;1976
11.09.21;34;12;21;13;29;0;25;20;67;0;14;40;21;17;22;3;4;17;36;123;39;4;13;36;14;624
12.09.21;10;6;123;3;21;0;21;5;12;1;0;34;19;71;4;5;15;12;41;0;85;2;2;0;2;494
13.09.21;43;23;152;78;77;7;86;70;77;17;77;90;31;180;74;53;38;62;70;97;132;84;49;133;64;1864
14.09.21;38;45;74;230;28;8;126;25;140;19;67;119;33;216;144;31;65;62;71;94;70;54;58;86;53;1956
15.09.21;45;54;141;81;99;8;172;85;105;10;119;126;35;197;147;63;71;47;96;126;42;132;58;94;115;2268
16.09.21;44;26;120;65;79;5;54;103;106;10;65;106;34;140;258;101;53;64;103;95;141;90;60;123;90;2135
17.09.21;46;59;198;270;53;11;99;77;167;19;69;207;33;97;171;33;103;70;73;169;81;81;71;204;94;2555
18.09.21;37;34;35;8;22;0;5;5;30;3;5;53;33;31;32;5;3;22;64;188;31;16;24;32;22;740
19.09.21;12;4;30;3;5;0;3;0;5;0;6;5;23;71;14;2;7;7;93;5;6;6;7;3;1;318
20.09.21;44;72;160;192;70;17;179;107;141;33;118;211;51;187;271;89;118;56;72;215;47;126;115;219;69;2979
21.09.21;70;61;163;242;72;36;178;73;142;12;93;148;38;115;294;22;80;72;63;181;217;105;46;137;107;2767
22.09.21;56;70;212;210;94;8;121;152;148;30;74;204;83;164;220;91;107;76;134;158;112;112;91;154;70;2951
23.09.21;58;122;398;131;135;6;158;77;124;13;80;201;47;116;156;53;92;78;88;158;95;147;76;198;94;2901
24.09.21;46;81;437;176;59;56;167;120;173;27;90;242;49;182;180;39;166;88;159;294;125;197;105;419;118;3795
25.09.21;16;40;147;15;3;7;55;42;27;12;23;23;72;25;48;9;8;28;93;186;18;40;56;31;47;1071
26.09.21;54;17;104;7;14;11;12;0;9;1;5;38;0;26;0;5;13;41;48;135;1;101;12;5;7;666
27.09.21;59;154;698;351;137;26;307;128;173;34;196;413;64;372;336;109;114;144;167;285;90;242;279;417;99;5394
28.09.21;55;87;360;258;165;12;282;171;219;48;103;313;83;559;178;160;197;98;175;251;92;212;141;253;177;4649
29.09.21;64;94;490;290;80;8;474;139;145;26;201;363;138;327;120;216;86;128;231;279;169;200;134;294;161;4857
30.09.21;68;224;467;266;304;38;348;142;185;39;191;527;105;200;292;63;190;165;191;361;101;277;148;294;167;5353
01.10.21;74;178;436;334;249;3;350;185;249;44;140;424;107;185;325;83;360;224;217;403;310;230;149;568;180;6007
02.10.21;49;69;98;86;25;3;185;73;60;5;48;148;80;29;157;6;101;40;148;182;82;124;91;97;38;2024
03.10.21;89;49;74;48;109;26;74;7;21;3;6;8;56;28;84;12;15;52;147;147;1;49;9;12;7;1133
04.10.21;72;168;1176;535;229;51;475;174;254;52;255;436;142;276;328;98;182;166;154;378;238;320;215;405;125;6904
05.10.21;88;158;615;553;249;31;648;180;372;26;175;241;167;288;338;239;339;201;185;586;163;239;207;257;291;6836
06.10.21;91;182;594;504;104;36;488;182;241;31;276;255;213;276;435;155;309;149;208;485;246;257;165;347;270;6499
07.10.21;108;142;478;437;211;26;644;189;196;20;100;187;264;174;568;107;334;239;137;611;178;300;181;395;249;6475
08.10.21;106;526;558;549;297;55;738;287;469;46;205;549;11;218;371;71;310;218;107;641;147;287;260;567;265;7858
09.10.21;104;61;451;113;61;1;261;2;49;21;56;273;81;58;118;46;12;78;139;630;95;127;78;212;184;3311
10.10.21;57;78;58;63;135;17;112;0;48;8;9;90;98;87;40;19;51;87;135;375;2;124;31;12;16;1752
11.10.21;139;420;1499;586;387;71;692;267;375;80;373;592;208;242;586;175;470;357;255;703;170;520;301;671;204;10343
12.10.21;161;245;594;465;200;63;1031;332;341;44;416;435;265;221;644;328;291;330;193;707;187;301;320;316;437;8867
13.10.21;90;187;682;585;184;49;926;278;365;66;274;477;151;483;595;792;357;309;347;781;157;454;343;479;523;9934
14.10.21;75;100;591;270;307;48;956;115;129;14;162;377;124;366;216;27;73;215;180;624;137;263;189;316;170;6044
15.10.21;109;525;779;649;579;36;1439;423;438;66;454;945;338;320;500;66;305;542;185;845;230;359;400;824;314;11670
16.10.21;96;147;238;196;193;37;196;29;97;34;84;328;205;134;283;15;104;165;225;874;208;222;227;199;112;4648
17.10.21;105;71;54;234;57;0;153;4;31;6;47;186;30;155;62;181;116;132;144;183;28;108;33;6;6;2132
18.10.21;129;321;1999;787;685;126;1160;274;578;108;356;926;139;353;685;370;663;439;296;1235;216;592;374;578;301;13690
19.10.21;130;298;613;646;285;79;1433;274;581;129;434;369;156;337;760;370;379;491;328;805;191;394;478;386;492;10838
20.10.21;192;487;994;655;291;21;1182;156;599;88;508;537;185;437;710;283;611;453;333;1101;388;373;585;424;625;12218
21.10.21;249;276;1185;587;392;13;875;214;460;87;353;345;310;386;579;432;445;467;369;902;337;455;456;457;505;11136
22.10.21;194;424;1647;544;523;62;1546;316;606;108;293;615;228;316;783;317;301;723;317;1254;486;651;483;608;444;13789
23.10.21;117;162;950;151;485;42;245;16;164;28;144;351;317;291;340;50;220;192;289;1203;495;328;253;346;301;7480
24.10.21;169;77;168;283;183;100;71;40;60;10;40;276;283;66;119;40;75;240;130;465;216;119;39;73;235;3577
25.10.21;263;574;1713;1334;877;275;2458;493;627;134;647;1340;494;735;1227;551;733;569;271;1456;496;592;959;729;471;20018
26.10.21;188;301;842;783;631;80;1182;412;688;74;522;501;369;441;1230;676;730;701;295;1263;627;585;538;464;337;14460
27.10.21;150;241;1689;860;562;52;1612;439;765;74;391;613;190;288;1132;500;461;644;291;1051;381;613;562;579;699;14839
28.10.21;139;455;1925;858;791;22;1287;224;282;85;368;487;219;674;1016;453;384;576;448;1218;363;474;416;567;741;14472
29.10.21;165;499;2056;653;795;124;1219;447;730;168;312;946;200;894;1224;567;594;702;291;1129;491;538;470;872;628;16714
30.10.21;169;253;309;270;220;61;350;100;317;60;369;294;223;192;758;66;221;337;243;1468;343;185;328;262;265;7663
31.10.21;128;100;390;341;207;46;283;16;60;17;59;496;180;182;120;26;167;310;228;909;335;128;48;142;109;5027
01.11.21;132;529;2722;1731;645;128;1797;530;649;204;411;2935;288;1431;1172;766;763;889;429;1479;349;874;583;709;447;22592
02.11.21;81;611;1493;832;528;139;2048;889;717;99;515;796;176;1038;1422;464;473;798;351;1290;658;908;514;556;494;17890
03.11.21;226;659;1585;935;750;112;1869;592;636;128;559;1148;245;875;1359;793;829;738;666;1551;740;773;584;468;774;19594
04.11.21;79;591;2421;1026;945;150;1309;554;656;105;455;737;305;708;1144;730;617;1051;526;1258;527;1211;620;559;698;18982
05.11.21;278;837;2049;1005;975;392;2016;798;1051;154;479;1351;645;635;2289;697;582;1038;384;1708;528;1004;802;1391;873;23961
06.11.21;117;212;927;577;335;4;416;64;310;47;111;226;335;171;712;98;233;480;288;1843;335;644;601;306;508;9900
07.11.21;95;186;182;163;130;107;314;2;228;26;31;218;391;73;105;30;288;227;300;134;331;513;213;191;72;4550
08.11.21;338;1056;3674;1920;1742;119;2388;648;1078;211;423;4059;413;1141;1623;582;892;925;515;1666;596;1078;1167;885;553;29692
09.11.21;241;369;1347;1250;931;68;1355;1012;754;138;493;858;402;979;1748;609;740;891;511;1414;451;1170;609;531;464;19335
10.11.21;446;700;1706;1533;1144;142;1876;778;1020;163;648;1129;480;1284;1484;938;1125;1361;578;1388;618;1220;746;815;871;24193
11.11.21;237;522;1248;1511;1264;130;1600;739;915;102;879;1183;245;708;1275;965;1039;1070;514;1257;611;1261;615;506;704;21100
12.11.21;411;825;1265;1815;1062;304;1793;773;947;200;882;2260;629;864;2395;957;999;1400;547;2153;703;1345;778;1182;989;27478
13.11.21;102;254;972;750;209;117;604;138;460;60;115;515;804;178;526;187;328;487;253;1433;420;1047;613;189;369;11130
14.11.21;127;201;481;758;102;0;222;35;144;19;11;129;657;136;1460;267;210;442;349;529;309;494;186;183;98;7549
15.11.21;329;1959;2828;1903;1499;261;1864;675;1228;211;563;3488;764;1348;3441;661;1064;1458;579;1654;887;1227;1116;1104;716;32827
16.11.21;163;597;1594;1332;777;214;1591;952;1080;160;307;1745;545;788;1426;774;972;1171;581;1930;413;1034;821;658;516;22141
17.11.21;399;623;1888;1425;662;192;1359;1014;1153;129;380;1541;908;551;1444;912;897;1266;510;1549;951;1009;707;601;852;22922
18.11.21;241;637;2007;1495;1196;439;1325;956;1144;131;721;1189;994;978;1854;1151;969;1103;439;1491;860;1218;590;479;558;24165
19.11.21;542;899;2473;1330;808;515;1394;1062;1196;236;987;1773;1046;1096;2428;1366;1063;1216;471;2527;1021;1036;734;855;672;28746
20.11.21;338;461;1065;755;291;248;299;252;365;68;290;753;1457;566;1415;372;163;425;333;2167;122;557;584;353;345;14044
21.11.21;257;210;533;575;137;73;66;70;68;19;27;219;977;534;189;23;339;182;292;22;153;327;180;145;33;5650
22.11.21;688;1264;1987;838;1530;388;1429;764;906;229;959;2559;1343;1777;2001;1087;519;1550;517;1385;633;1240;814;701;670;27778
23.11.21;722;527;1920;1043;983;244;1095;1161;998;154;1129;1049;1083;1476;2618;1247;848;1078;602;1109;617;852;618;506;475;24154
24.11.21;797;587;1428;1513;489;293;673;888;910;157;1098;985;837;1471;2289;1397;715;954;507;1370;735;909;676;387;797;22862
25.11.21;419;730;2508;1571;886;292;966;878;648;139;552;846;691;1307;1482;1032;915;883;498;1540;557;759;584;458;455;21596
26.11.21;416;624;1425;1350;811;358;1189;791;768;260;448;2044;1017;1165;2528;1760;842;1034;501;2074;382;894;666;425;512;24284
27.11.21;305;310;983;543;270;109;180;222;205;38;82;440;467;210;430;232;161;143;234;743;186;351;418;117;220;7599
28.11.21;167;309;317;364;150;55;50;67;65;20;10;239;349;196;525;33;169;72;226;7;197;331;111;85;49;4163
29.11.21;876;1429;1979;1574;1732;571;894;885;995;297;480;1778;854;1960;3182;1179;977;1252;540;1159;1130;917;823;441;422;28326
30.11.21;831;893;1842;1307;884;828;874;1135;958;205;307;1273;680;1436;2149;1779;623;964;488;1445;700;935;904;498;479;24417
01.12.21;620;658;1232;1153;1010;301;765;735;906;154;319;944;549;2547;1847;1379;403;659;445;1393;474;686;412;319;487;20397
02.12.21;646;506;1504;922;448;290;516;811;775;118;276;852;787;3227;2717;1268;754;747;420;833;514;750;490;229;400;20800
03.12.21;950;739;1740;807;723;373;771;567;674;245;310;1261;843;3218;1029;1653;537;882;393;1230;407;738;574;362;518;21544
04.12.21;184;218;548;202;83;128;197;50;261;42;64;416;562;607;675;355;168;130;255;1037;199;256;533;75;145;7390
05.12.21;269;208;681;199;148;54;24;66;233;18;7;211;300;834;178;147;52;81;245;3;106;101;32;108;37;4342
06.12.21;540;792;1261;1012;989;497;591;443;738;290;338;919;851;2298;1665;2450;822;569;530;747;545;996;866;180;365;21294
07.12.21;883;531;599;531;633;364;753;420;952;182;201;642;681;1642;572;1229;592;558;396;617;479;762;614;155;437;15425
08.12.21;621;513;981;947;387;517;629;345;1109;174;244;872;860;1935;500;979;917;383;500;655;409;729;814;122;380;16522
09.12.21;520;448;638;630;627;291;458;407;800;154;369;616;766;2384;758;1088;731;464;469;614;653;421;485;127;275;15193
10.12.21;482;796;1056;452;439;742;516;520;923;236;264;1069;606;4983;1651;1147;1073;554;420;653;556;655;693;195;425;21106
11.12.21;253;311;313;183;171;108;138;55;211;47;24;158;460;2414;137;39;163;140;185;423;359;214;454;87;88;7135
12.12.21;275;164;211;328;163;101;15;23;94;35;10;83;294;1136;114;292;115;119;254;30;172;110;72;106;14;4330
13.12.21;905;581;839;907;942;468;540;587;884;275;244;837;752;3459;878;1363;835;466;380;463;1182;519;786;160;328;19580
14.12.21;857;292;915;453;376;737;377;502;854;163;548;454;740;2051;911;1333;574;390;442;455;675;558;695;164;264;15780
15.12.21;716;470;966;374;370;170;350;319;1247;169;588;738;460;2563;527;940;835;351;443;472;956;441;713;187;379;15744
16.12.21;686;330;590;497;319;212;247;284;687;171;271;398;524;2599;407;541;720;250;429;493;893;466;415;123;256;12808
17.12.21;656;273;477;623;311;640;368;362;583;299;219;637;450;2022;612;864;241;407;384;490;964;529;572;226;242;13451
18.12.21;142;116;164;111;64;98;78;57;267;47;26;142;145;636;329;20;35;59;206;388;270;114;285;73;109;3981
19.12.21;319;34;94;226;151;105;9;11;54;9;14;41;96;461;50;14;26;59;203;16;93;67;64;85;56;2357
20.12.21;800;387;522;687;667;323;424;464;920;176;271;556;331;2065;716;871;663;510;335;435;304;625;416;227;270;13965
21.12.21;1142;281;409;286;235;232;301;426;597;169;225;543;266;2232;423;1109;420;280;367;535;549;428;493;92;276;12316
22.12.21;1048;176;330;689;458;874;302;293;561;182;147;637;182;1471;506;916;630;203;310;567;401;360;407;205;225;12080
23.12.21;830;367;549;680;367;351;254;250;575;131;107;400;266;1198;404;879;469;153;275;486;389;311;394;148;199;10432
24.12.21;802;259;345;789;328;228;202;454;469;209;105;904;333;1046;614;605;309;423;222;297;727;290;421;220;278;10879
25.12.21;124;67;217;49;44;101;59;64;127;23;8;233;150;984;94;68;186;45;114;284;77;110;160;46;113;3547
26.12.21;182;62;166;145;57;205;5;11;79;4;3;83;95;670;49;55;36;47;157;1;1;32;50;23;8;2226
27.12.21;192;158;225;348;230;219;134;141;742;69;35;500;202;786;808;226;64;202;118;224;71;128;282;77;45;6226
28.12.21;910;200;396;826;325;312;258;296;300;196;203;431;167;1566;1193;871;316;227;143;429;170;521;421;93;227;10997
29.12.21;644;135;360;563;197;511;151;190;357;155;91;446;234;1109;373;648;263;250;305;303;141;441;378;93;253;8591
30.12.21;754;142;374;626;215;459;198;312;452;167;46;479;227;922;263;791;179;155;296;387;97;308;365;99;181;8494
31.12.21;369;105;480;571;147;185;121;326;380;130;82;670;210;674;610;650;71;177;195;268;40;291;310;122;193;7377
01.01.22;158;26;63;35;13;112;13;30;107;3;0;60;0;210;43;60;10;40;161;216;1;39;20;6;55;1481
02.01.22;144;7;38;56;0;172;3;12;45;48;2;36;98;351;4;72;23;93;104;3;2;43;20;35;7;1418
03.01.22;206;54;72;100;59;275;112;217;292;16;23;253;102;365;1473;139;68;60;71;157;97;89;200;23;31;4554
04.01.22;388;101;250;181;240;403;180;243;271;96;193;383;148;997;358;783;346;411;175;281;75;456;402;90;206;7657
05.01.22;346;187;197;515;264;461;171;195;326;88;97;410;377;790;144;933;146;172;187;256;155;271;188;80;184;7140
06.01.22;307;152;306;116;260;294;105;188;382;104;66;335;225;943;264;455;269;122;269;259;39;344;268;137;177;6386
07.01.22;199;21;63;45;48;154;35;186;87;7;1;102;98;203;145;21;12;46;78;93;11;42;54;32;100;1883
08.01.22;215;5;130;131;23;148;50;26;122;6;44;63;100;270;248;9;13;70;82;153;67;52;67;15;10;2119
09.01.22;169;36;239;151;29;100;3;10;53;3;35;41;86;221;84;45;3;12;76;3;12;22;52;31;27;1543
10.01.22;504;159;174;250;344;513;90;118;360;120;84;302;191;1216;217;343;155;291;220;299;60;268;197;115;142;6732
11.01.22;403;62;242;291;117;488;49;127;292;75;116;213;195;2162;204;294;85;66;248;116;34;298;168;87;96;6528
12.01.22;441;60;208;174;124;266;115;190;287;77;59;246;143;1911;178;362;224;139;190;129;42;253;215;103;229;6365
13.01.22;389;56;182;312;156;253;100;200;213;34;50;173;218;1596;155;225;111;145;245;125;40;202;131;81;56;5448
14.01.22;323;66;170;493;100;404;52;379;372;61;53;512;182;882;166;329;100;168;202;197;34;222;128;165;167;5927
15.01.22;152;26;53;16;52;99;16;65;54;9;4;154;137;161;229;5;8;24;99;260;7;47;34;42;65;1818
16.01.22;121;2;40;18;57;102;1;9;52;8;20;114;96;439;4;0;1;32;105;0;46;9;7;32;15;1330
17.01.22;322;108;127;212;196;262;63;148;235;48;91;449;152;586;140;306;217;254;221;200;27;339;116;219;95;5133
18.01.22;276;46;130;296;207;284;89;187;297;43;68;270;160;618;909;275;168;210;273;169;37;207;136;79;104;5538
19.01.22;252;33;208;245;141;115;117;382;231;46;32;162;86;816;171;330;196;238;170;146;60;178;221;108;133;4817
20.01.22;167;110;234;181;326;101;117;347;197;41;59;439;235;762;155;169;105;219;229;173;80;168;150;187;76;5027
21.01.22;250;228;179;214;155;296;86;169;375;48;94;365;137;621;164;117;153;251;159;205;51;228;110;397;100;5152
22.01.22;57;17;34;14;181;69;6;58;85;35;12;150;190;112;92;4;15;72;163;305;3;49;138;68;23;1952
23.01.22;127;62;93;17;144;50;3;28;14;7;2;16;175;193;16;14;237;159;178;5;16;36;84;15;14;1705
24.01.22;176;208;155;304;236;206;112;442;382;58;84;346;196;468;231;364;417;419;191;245;58;385;342;610;246;6881
25.01.22;226;97;224;248;192;179;117;589;299;47;64;281;72;611;393;289;216;443;230;232;89;299;208;310;99;6054
26.01.22;214;168;265;150;643;134;103;829;264;64;70;403;138;710;297;134;571;494;246;236;42;322;202;397;160;7256
27.01.22;241;132;376;171;533;205;120;974;245;46;51;387;164;800;314;737;485;326;153;261;69;368;198;297;236;7889
28.01.22;221;200;760;220;310;172;165;925;371;75;47;620;184;2073;273;596;423;459;266;351;64;488;221;977;205;10666
29.01.22;232;174;28;11;387;57;51;146;72;13;19;84;150;378;422;42;225;154;155;758;49;234;146;131;6;4124
30.01.22;174;64;169;323;216;56;11;359;153;18;6;96;123;210;100;10;225;294;177;5;131;145;46;23;9;3143
31.01.22;448;479;929;329;218;275;262;1353;510;107;84;1823;241;944;394;435;483;1288;272;423;125;761;456;1414;312;14365
01.02.22;338;560;260;867;706;181;224;739;13068;86;118;1017;160;1852;2412;459;939;544;471;2042;121;1078;414;619;5032;34307
02.02.22;502;545;540;278;378;400;223;1229;356;67;163;1043;231;814;519;373;641;975;350;594;114;905;296;935;372;12843
03.02.22;564;415;512;244;254;150;255;1137;416;103;97;1302;146;983;569;243;550;896;336;576;88;1348;357;869;538;12948
04.02.22;368;805;461;458;471;319;318;2665;691;148;340;1828;149;1006;756;221;632;1261;380;892;178;1887;408;1401;576;18619
05.02.22;311;351;184;233;467;10;99;367;303;22;53;335;276;237;802;36;345;564;297;892;216;760;235;577;31;8003
06.02.22;54;115;90;160;123;1;25;798;275;8;13;70;193;271;137;186;140;777;251;9;157;665;79;148;10;4755
07.02.22;634;988;972;708;1347;358;545;2032;936;220;251;2552;286;1073;1113;522;1052;1300;415;876;312;2654;521;2166;941;24774
08.02.22;799;688;747;748;728;341;604;1361;835;204;237;2328;301;1398;1301;870;1707;1433;737;1051;124;2115;1047;715;834;23253
09.02.22;793;605;707;836;861;255;771;1070;800;200;246;1485;342;1362;1051;754;1522;1053;744;601;337;1871;959;765;562;20552
10.02.22;856;1382;651;1259;1866;311;808;1198;737;217;354;2634;157;1200;1300;735;2210;1067;647;1001;359;1856;1025;1120;1067;26017
11.02.22;1062;1286;1565;1416;1017;278;854;2033;792;366;332;3389;397;1412;2738;1082;1647;1919;694;1100;424;2660;1666;1314;973;32416
12.02.22;161;878;247;355;346;39;318;504;260;118;162;622;365;451;1185;123;242;919;331;1513;114;934;767;388;66;11408
13.02.22;67;434;137;443;175;51;9;302;106;28;15;188;296;529;340;102;184;480;332;1;184;743;113;50;20;5329
14.02.22;1209;2516;2604;1509;3033;622;754;1857;897;396;596;2707;353;2081;2437;974;1427;2362;768;1376;582;2616;2001;1369;1407;38453
15.02.22;920;806;1490;1908;1293;748;860;961;668;428;624;2127;444;1674;1561;799;1386;1638;782;1504;199;1209;1359;547;1382;27317
16.02.22;774;981;1210;1432;2215;371;453;1231;1256;295;988;2256;321;1836;901;633;2772;1145;1120;1373;326;1570;737;647;1806;28649
17.02.22;1142;755;900;1932;969;683;906;859;625;199;603;2709;486;1853;1131;871;2458;1173;911;1272;218;699;863;323;635;25175
18.02.22;1290;1324;1858;1396;2351;1160;813;1264;707;377;827;2618;624;2062;1311;1462;2339;1358;793;1435;273;1342;1605;742;1447;32778
19.02.22;165;376;424;572;655;72;264;232;183;83;217;243;656;728;383;294;401;378;390;1611;146;406;439;119;98;9535
20.02.22;188;230;308;411;355;65;69;170;194;10;121;209;101;762;136;266;481;256;458;27;118;190;217;61;9;5412
21.02.22;1223;1002;1547;1790;2358;417;628;666;640;259;422;2590;651;2550;910;1212;1699;1214;1015;1539;473;1479;1233;727;1565;29809
22.02.22;987;602;1601;1603;1954;570;636;416;466;173;547;969;878;3291;761;827;1902;1308;1192;1920;384;1201;700;260;810;25958
23.02.22;1083;506;1836;2285;881;286;417;436;373;90;743;1703;788;2961;755;1075;2207;1127;1050;1402;193;834;752;212;1009;25004
24.02.22;749;566;2024;666;2565;89;247;526;2209;91;128;580;345;733;359;608;1790;502;347;156;193;475;496;834;684;17962
25.02.22;24;244;500;612;249;10;197;322;66;116;44;417;0;211;473;294;274;187;200;9;76;503;508;228;273;6037
26.02.22;0;64;215;261;550;46;65;92;280;53;2;64;0;169;98;77;234;27;270;43;238;225;163;74;48;3358
27.02.22;191;20;289;239;214;0;32;72;163;2;0;204;398;344;142;3;202;176;238;0;189;64;98;5;0;3285
28.02.22;830;1289;3183;935;3308;42;210;529;609;133;262;1323;460;264;965;995;911;1165;807;183;222;392;975;381;356;20729
01.03.22;650;109;850;700;1135;12;369;171;604;117;164;886;788;345;712;632;1356;173;1038;177;159;257;436;139;442;12421
02.03.22;1475;339;1344;833;1682;18;566;215;406;163;218;853;618;639;768;1878;576;406;1568;186;360;342;285;131;108;15977
03.03.22;1425;533;3249;1013;1939;79;363;177;405;138;537;768;923;1010;811;1418;625;414;1214;132;296;377;326;471;22;18665
04.03.22;1331;339;455;436;976;2;119;126;218;101;666;619;632;1300;807;1499;319;212;1346;96;102;381;198;39;119;12438
05.03.22;266;12;381;514;298;1;67;45;1;21;0;67;775;1475;61;135;78;126;709;138;86;30;48;26;18;5378
06.03.22;184;51;601;58;282;0;1;0;0;0;0;245;494;1496;6;33;11;93;885;201;89;18;85;5;0;4838
07.03.22;0;45;272;6;412;1;4;3;273;3;1;15;3;11;13;7;318;1;26;0;2;1;6;203;8;1634
08.03.22;0;0;2;0;0;0;1;0;0;0;0;2;0;0;9;0;0;0;0;0;0;1;4;2;0;21
09.03.22;0;0;0;0;0;0;0;0;0;0;0;0;0;0;0;0;0;0;0;0;0;0;0;0;0;0
10.03.22;0;0;0;0;0;0;0;0;0;0;0;0;0;0;0;0;0;0;0;0;0;0;0;0;0;0
11.03.22;0;0;0;0;0;0;0;0;0;0;0;0;0;0;0;0;0;0;0;0;0;0;0;0;0;0
12.03.22;0;0;0;0;0;0;0;0;0;0;0;0;0;0;0;0;0;0;0;0;0;0;0;0;0;0
13.03.22;0;0;0;0;0;0;0;0;0;0;0;0;0;0;0;0;0;0;0;0;0;0;0;0;0;0
14.03.22;0;0;0;0;0;0;0;0;0;0;0;0;0;0;0;0;0;0;0;0;0;0;0;0;0;0
15.03.22;0;0;0;0;0;0;0;0;0;0;0;0;0;0;0;0;0;0;0;0;0;0;0;0;0;0
16.03.22;0;0;0;0;0;0;0;0;0;0;0;0;0;0;0;0;0;0;0;0;0;0;0;0;0;0
17.03.22;0;0;0;0;0;0;0;0;0;0;0;0;0;0;0;0;0;0;0;0;0;0;0;0;0;0
18.03.22;0;0;0;0;0;0;0;0;0;0;0;0;0;0;0;0;0;0;0;0;0;0;0;0;0;0
19.03.22;0;0;0;0;0;0;0;0;0;0;0;0;0;0;0;0;0;0;0;0;0;0;0;0;0;0
20.03.22;0;0;0;0;0;0;0;0;0;0;0;0;0;0;0;0;0;0;0;0;0;0;0;0;0;0
21.03.22;0;0;0;0;0;0;0;0;0;0;0;0;0;0;0;0;0;0;0;0;0;0;0;0;0;0
22.03.22;0;0;0;0;0;0;0;0;0;0;0;0;0;0;0;0;0;0;0;0;0;0;0;0;0;0
23.03.22;0;0;0;0;0;0;0;0;0;0;0;0;0;0;0;0;0;0;0;0;0;0;0;0;0;0
24.03.22;0;0;0;0;0;0;0;0;0;0;0;0;0;0;0;0;0;0;0;0;0;0;0;0;0;0
25.03.22;0;0;0;0;0;0;0;0;0;0;0;0;0;0;0;0;0;0;0;0;0;0;0;0;0;0
26.03.22;0;0;0;0;0;0;0;0;0;0;0;0;0;0;0;0;0;0;0;0;0;0;0;0;0;0
27.03.22;0;0;0;0;0;0;0;0;0;0;0;0;0;0;0;0;0;0;0;0;0;0;0;0;0;0
28.03.22;0;0;0;0;0;0;0;0;0;0;0;0;0;0;0;0;0;0;0;0;0;0;0;0;0;0
29.03.22;0;0;0;0;0;0;0;0;0;0;0;0;0;0;0;0;0;0;0;0;0;0;0;0;0;0
30.03.22;0;0;0;0;0;0;0;0;0;0;0;0;0;0;0;0;0;0;0;0;0;0;0;0;0;0
31.03.22;0;0;0;0;0;0;0;0;0;0;0;0;0;0;0;0;0;0;0;0;0;0;0;0;0;0
01.04.22;0;0;0;0;0;0;0;0;0;0;0;0;0;0;0;0;0;0;0;0;0;0;0;0;0;0
02.04.22;0;0;0;0;0;0;0;0;0;0;0;0;0;0;0;0;0;0;0;0;0;0;0;0;0;0
03.04.22;0;0;0;0;0;0;0;0;0;0;0;0;0;0;0;0;0;0;0;0;0;0;0;0;0;0
04.04.22;0;0;0;0;0;0;0;0;0;0;0;0;0;0;0;0;0;0;0;0;0;0;0;0;0;0
05.04.22;0;0;0;0;0;0;0;0;0;0;0;0;0;0;0;0;0;0;0;0;0;0;0;0;0;0
06.04.22;0;0;0;0;0;0;0;0;0;0;0;0;0;0;0;0;0;0;0;0;0;0;0;0;0;0
07.04.22;0;0;0;0;0;0;0;0;0;0;0;0;0;0;0;0;0;0;0;0;0;0;0;0;0;0
08.04.22;0;0;0;0;0;0;0;0;0;0;0;0;0;0;0;0;0;0;0;0;0;0;0;0;0;0
09.04.22;0;0;0;0;0;0;0;0;0;0;0;0;0;0;0;0;0;0;0;0;0;0;0;0;0;0
10.04.22;0;0;0;0;0;0;0;0;0;0;0;0;0;0;0;0;0;0;0;0;0;0;0;0;0;0